race_id,race_number,race_name,competition_id,competition_name,country,class_name,grade,tempo,distance_m,track_status,start_time_iso,field_size,active_field_size,selection_id,runner_number,runner_name,draw_number,jockey,trainer,trainer_location,weight_kg,age,sex,speed_rating,dry_rating,wet_rating,win_percentage,place_percentage,prize_money,career_starts,career_wins,career_seconds,career_thirds,good_starts,good_wins,soft_starts,soft_wins,heavy_starts,heavy_wins,distance_starts,distance_wins,track_starts,track_wins,first_up_starts,first_up_wins,second_up_starts,second_up_wins,horse_jockey_starts,horse_jockey_wins,last_six,form_fig,expected_settling_position,recent_runs_count,recent_wins,recent_places,recent_avg_place,recent_best_place,recent_avg_place_3,recent_avg_place_5,recent_win_rate_5,recent_top3_rate_5,recent_avg_margin,recent_best_margin,recent_avg_margin_3,recent_avg_starting_price,recent_same_distance_runs,recent_same_track_runs,recent_same_condition_runs,recent_days_since_last_run,open_price,fluc1,fluc2,sp_starting_price,live_price,price_quality,finish_place,result_code,status,is_winner,top3_mask,is_duplicate_runner,has_valid_live_price,race_total_runners,race_priced_runners,price_coverage,is_valid_field_size,has_valid_result_labels,condition_rating,suitability_score,recent_form_score,connection_score,market_rank,price_band,distance_band,has_sparse_recent_form,model_score,model_rank,raw_model_prob,market_implied_prob,model_prob,edge,edge_pct,price_vs_sp,stake,settlement_price,profit,profit_net
10146977,6,R6 Sportsbet Hcp (58),317,Darwin,Australia,Horses - Aus/NZ,,Not Available,1000,Good (3),2026-02-14T07:32:00+00:00,8,7,1164730579,4,Mlinzi,5,Deborah Barton,Philip Cole,Darwin,58.0,4,m,0.0,89.0,89.0,10.0,30.0,32550.0,10.0,1.0,2.0,0.0,10.0,1.0,0.0,0.0,0.0,0.0,3.0,0.0,7.0,1.0,2.0,0.0,2.0,0.0,1.0,1.0,52421x,52421x,Backmarker,6,1,3,3.6666666666666665,1.0,2.3333333333333335,2.8,0.2,0.6,4.583333333333333,0.2,1.9333333333333333,16.333333333333332,4,0,6,112.0,4.0,11.0,10.0,,10.0,FLUC2,5,L,finished,0,0,False,True,7,7,1.0,True,True,89.0,0.08095238095238096,0.33714285714285713,1.0,4.0,9-12,sprint,False,0.5338024744271102,1.0,0.1633665622222976,0.1,0.1633665622222976,0.06336656222229758,6.336656222229759,,1.0,10.0,-1.0,-1.0
10168666,5,R5 Juice Signs (Bm75),208,Ashburton,New Zealand,Horses - Aus/NZ,,Normal,1200,Soft (6),2026-02-20T01:12:00+00:00,13,4,1166883419,9,Second Chance,5,Leah Hemi,Anna Furlong,Riccarton Park,57.5,5,m,23.0,93.0,93.0,30.77,46.15,55205.0,13.0,4.0,0.0,2.0,4.0,2.0,3.0,1.0,2.0,0.0,11.0,4.0,2.0,2.0,2.0,1.0,2.0,0.0,0.0,0.0,410133,410133,,6,2,4,3.8333333333333335,1.0,2.3333333333333335,3.8,0.4,0.8,2.6333333333333333,0.2,1.2,10.4,6,1,3,13.0,7.5,10.0,11.0,10.0,11.0,FLUC2,2,P,finished,0,1,False,True,4,4,1.0,True,True,93.0,0.5656565656565656,0.4760344827586207,0.0,2.0,9-12,sprint,False,0.5859458114429945,1.0,0.2759720057317185,0.09090909090909091,0.2759720057317185,0.18506291482262757,18.506291482262757,-1.0,1.0,11.0,-1.0,-1.0
10172119,4,R4 Eagle Technology Uncle Remus Stakes,340,Ellerslie,New Zealand,Horses - Aus/NZ,,Normal,1400,Soft (5),2026-02-21T01:09:00+00:00,13,4,1167229600,6,Panther,6,Craig Grylls,L O'sullivan & A Scott,Matamata,57.0,3,c,61.0,79.0,79.0,33.33,100.0,27010.0,3.0,1.0,2.0,0.0,0.0,0.0,3.0,1.0,0.0,0.0,0.0,0.0,1.0,0.0,2.0,1.0,1.0,0.0,0.0,0.0,2x12,2x12,,3,1,3,1.6666666666666667,1.0,1.6666666666666667,1.6666666666666667,0.3333333333333333,1.0,1.7666666666666666,1.3,1.7666666666666666,4.066666666666666,0,1,3,21.0,7.0,7.0,6.5,7.0,6.5,FLUC2,2,P,finished,0,1,False,True,4,4,1.0,True,True,79.0,0.1111111111111111,0.5458333333333333,0.0,2.0,6-9,middle,False,0.4701955206964206,2.0,0.23893785954101562,0.15384615384615385,0.23893785954101562,0.08509170569486177,8.509170569486177,0.5,1.0,6.5,-1.0,-1.0
10172146,7,R7 Mad Butcher Wanganui Mdn,661,Wanganui,New Zealand,Horses - Aus/NZ,,Slow,2060,Soft (5),2026-02-22T03:02:00+00:00,12,4,1167233033,7,Ocean Melody,10,Bruno Queiroz,Ms L Latta,Awapuni,56.5,4,m,56.0,99.0,99.0,0.0,14.29,3835.0,7.0,0.0,0.0,1.0,1.0,0.0,4.0,0.0,2.0,0.0,1.0,0.0,2.0,0.0,2.0,0.0,2.0,0.0,0.0,0.0,57x773,57x773,,6,0,1,6.333333333333333,3.0,5.666666666666667,5.8,0.0,0.2,6.316666666666666,4.2,4.633333333333334,20.933333333333334,1,2,4,14.0,6.0,5.5,5.0,5.5,5.0,FLUC2,3,P,finished,0,1,False,True,4,4,1.0,True,True,99.0,0.0,0.10295454545454547,0.0,2.0,3-6,staying,False,0.38747036843663796,2.0,0.2528612762662861,0.2,0.2528612762662861,0.05286127626628606,5.286127626628606,0.5,1.0,5.0,-1.0,-1.0
10172285,4,R4 Browns Sawdust & Shavings (Bm78),310,Cranbourne,Australia,Horses - Aus/NZ,,Fast,1000,Good (3),2026-02-20T08:45:00+00:00,6,6,1167251415,5,Tookay Pete,6,Emily Pozman,Melissa Page,Seymour,56.5,6,g,43.0,87.0,87.0,22.73,54.55,128395.0,22.0,5.0,4.0,3.0,18.0,5.0,3.0,0.0,0.0,0.0,16.0,3.0,2.0,1.0,3.0,0.0,3.0,0.0,5.0,2.0,021121,021121,Midfield,6,3,5,2.8333333333333335,1.0,1.3333333333333333,1.4,0.6,1.0,1.6833333333333333,0.2,1.4000000000000001,7.533333333333334,5,2,6,16.0,7.5,9.0,10.0,11.0,10.0,FLUC2,3,P,finished,0,1,False,True,6,6,1.0,True,True,87.0,0.32175925925925924,0.643416149068323,0.4,5.0,9-12,sprint,False,0.6068458376661255,1.0,0.18581346892988762,0.1,0.18581346892988762,0.08581346892988762,8.581346892988762,1.0,1.0,10.0,-1.0,-1.0
10172307,7,R7 Henley Homes Futurity Stakes,279,Caulfield,Australia,Horses - Aus/NZ,,Fast,1400,Good (4),2026-02-21T04:40:00+00:00,9,8,1167253054,5,Watch Me Rock,1,William Pike,M W Walker,Cranbourne,59.0,5,g,60.0,92.0,92.0,55.0,90.0,1868945.0,20.0,11.0,5.0,2.0,16.0,8.0,4.0,3.0,0.0,0.0,8.0,4.0,0.0,0.0,5.0,2.0,5.0,3.0,17.0,10.0,1x3112,1x3112,Off Pace,6,3,6,1.6666666666666667,1.0,1.6666666666666667,1.4,0.6,1.0,0.6166666666666667,0.2,0.5666666666666667,14.0,2,0,6,12.0,13.0,13.0,12.0,,12.0,FLUC2,6,L,finished,0,0,False,True,8,8,1.0,True,True,92.0,0.3333333333333333,0.6525000000000001,0.5882352941176471,5.0,12-20,middle,False,0.6473568598877919,2.0,0.14467141612225137,0.08333333333333333,0.14467141612225137,0.061338082788918044,6.133808278891804,,1.0,12.0,-1.0,-1.0
10172313,8,R8 Kia Ora Hobartville Stakes,580,Rosehill,Australia,Horses - Aus/NZ,,Fast,1400,Good (4),2026-02-21T05:35:00+00:00,10,7,1167253786,4,Shangri La Boy,7,Tim Clark,G Waterhouse & A Bott,Randwick,56.5,3,c,100.0,90.0,90.0,50.0,100.0,732750.0,4.0,2.0,1.0,1.0,4.0,2.0,0.0,0.0,0.0,0.0,1.0,1.0,2.0,2.0,1.0,0.0,1.0,1.0,0.0,0.0,3112x,3112x,Leader,6,4,5,2.0,1.0,2.6666666666666665,2.2,0.6,0.8,2.0,0.2,2.5,,1,2,6,15.0,10.0,10.0,9.5,,9.5,FLUC2,7,L,finished,0,0,False,True,7,7,1.0,True,True,90.0,0.8333333333333334,0.5709090909090909,0.0,4.0,9-12,middle,False,0.6581777383861442,2.0,0.15621858937124336,0.10526315789473684,0.15621858937124336,0.050955431476506524,5.095543147650653,,1.0,9.5,-1.0,-1.0
10176101,6,R6 Elegant Blinds Toowoomba (Bm65),635,Toowoomba,Australia,Horses - Aus/NZ,,Fast,1000,Good (4),2026-02-21T10:18:00+00:00,7,5,1167537049,4,Adalie,1,Nozi Tomizawa,Corey & Kylie Geran,Toowoomba,58.5,6,m,0.0,87.0,87.0,18.52,48.15,114160.0,27.0,5.0,5.0,3.0,15.0,1.0,9.0,3.0,1.0,1.0,9.0,2.0,6.0,2.0,4.0,0.0,4.0,2.0,7.0,2.0,719482,719482,Backmarker,6,1,2,5.166666666666667,1.0,4.666666666666667,4.8,0.2,0.4,5.15,0.8,5.3999999999999995,27.333333333333332,4,4,4,30.0,6.0,7.5,8.0,8.0,8.0,FLUC2,2,P,finished,0,1,False,True,5,5,1.0,True,True,87.0,0.2074074074074074,0.25079491255961844,0.2857142857142857,3.0,6-9,sprint,False,0.4560392408411967,2.0,0.20034019360611946,0.125,0.20034019360611946,0.07534019360611946,7.534019360611946,0.0,1.0,8.0,-1.0,-1.0
10176189,8,R8 Kimick Holdings (Bm64),696,Wyong,Australia,Horses - Aus/NZ,,Fast,1100,Good (4),2026-02-21T06:30:00+00:00,9,7,1167543847,5,Play My Song,7,Leeshelle Small,R P Northam,Scone,58.0,6,m,63.0,95.0,95.0,18.52,33.33,130175.0,27.0,5.0,4.0,0.0,14.0,3.0,10.0,2.0,3.0,0.0,5.0,0.0,0.0,0.0,7.0,0.0,6.0,1.0,5.0,3.0,211x41,211x41,Off Pace,6,3,4,2.1666666666666665,1.0,2.0,1.8,0.6,0.8,1.75,0.2,1.1666666666666667,5.0,5,0,4,21.0,14.0,11.0,10.0,11.0,10.0,FLUC2,2,P,finished,0,1,False,True,7,7,1.0,True,True,95.0,0.07142857142857142,0.5773684210526316,0.6,6.0,9-12,sprint,False,0.5849653816952806,1.0,0.15574622298058208,0.1,0.15574622298058208,0.05574622298058207,5.574622298058207,1.0,1.0,10.0,-1.0,-1.0
10179378,7,R7 Coolmore Championship Preview Hcp (C4),588,Scone,Australia,Horses - Aus/NZ,,Fast,1200,Soft (5),2026-02-24T06:15:00+00:00,12,8,1167955534,4,Great Idea,9,Anna Roper,Ben Blay,Muswellbrook,58.5,6,g,10.0,81.0,81.0,50.0,50.0,50575.0,6.0,3.0,0.0,0.0,1.0,0.0,2.0,1.0,3.0,2.0,3.0,1.0,0.0,0.0,2.0,0.0,1.0,1.0,1.0,1.0,51181x,51181x,Backmarker,6,4,4,2.6666666666666665,1.0,2.0,3.0,0.6,0.6,2.183333333333333,0.8,3.1666666666666665,4.6,1,1,2,11.0,23.0,11.0,12.0,,12.0,FLUC2,7,L,finished,0,0,False,True,8,8,1.0,True,True,81.0,0.27777777777777773,0.5109090909090909,1.0,5.0,12-20,sprint,False,0.5964449466376432,2.0,0.13432158253946194,0.08333333333333333,0.13432158253946194,0.050988249206128614,5.098824920612861,,1.0,12.0,-1.0,-1.0
10179546,4,R4 Queensland Hotels Association Hcp,577,Rockhampton,Australia,Horses - Aus/NZ,,Fast,1050,Soft (6),2026-02-24T05:27:00+00:00,8,7,1167973358,3,Krackacan,2,Natalea Summers,Darryl Johnston,Rockhampton,58.0,3,g,100.0,98.0,98.0,42.86,85.71,86400.0,7.0,3.0,3.0,0.0,1.0,0.0,6.0,3.0,0.0,0.0,3.0,2.0,2.0,1.0,2.0,1.0,2.0,1.0,1.0,1.0,x2215x,x2215x,Leader,6,2,4,2.5,1.0,3.3333333333333335,2.8,0.2,0.6,2.5666666666666664,0.2,2.3333333333333335,5.55,6,3,5,18.0,7.5,11.0,12.0,11.0,12.0,FLUC2,4,P,finished,0,0,False,True,7,7,1.0,True,True,98.0,0.5555555555555555,0.3374725274725275,1.0,5.0,12-20,sprint,False,0.6594695331622298,1.0,0.15836420397283985,0.08333333333333333,0.15836420397283985,0.07503087063950652,7.503087063950652,-1.0,1.0,12.0,-1.0,-1.0
10179547,5,R5 Australian Liquor Marketers (Bm65),577,Rockhampton,Australia,Horses - Aus/NZ,,Fast,1050,Soft (6),2026-02-24T06:04:00+00:00,8,6,1167973372,1,Keyboard,7,Mckenzie Apel,Darryl Johnston,Rockhampton,59.5,5,m,81.0,83.0,83.0,13.89,50.0,188555.0,36.0,5.0,7.0,6.0,28.0,3.0,6.0,2.0,2.0,0.0,1.0,0.0,0.0,0.0,6.0,0.0,6.0,0.0,0.0,0.0,543x42,543x42,Pace,6,0,3,3.5,2.0,3.0,3.2,0.0,0.6,2.3666666666666667,0.3,1.9333333333333333,16.0,6,1,1,17.0,9.5,10.0,11.0,,11.0,FLUC2,6,L,finished,0,0,False,True,6,6,1.0,True,True,83.0,0.1111111111111111,0.2508333333333333,0.0,5.0,9-12,sprint,False,0.3924763757063174,2.0,0.16755106619110355,0.09090909090909091,0.16755106619110355,0.07664197528201264,7.664197528201264,,1.0,11.0,-1.0,-1.0
10197480,3,R3 Maria Scott 3Yo,466,Matamata,New Zealand,Horses - Aus/NZ,,Fast,1600,Soft (6),2026-02-28T00:16:00+00:00,9,7,1169854628,1,Cease And Desist,5,Rory Hutchings,Mark Walker & Sam Bergerson,Matamata,57.0,3,c,57.0,96.0,96.0,20.0,40.0,19050.0,5.0,1.0,1.0,0.0,2.0,0.0,3.0,1.0,0.0,0.0,2.0,1.0,1.0,1.0,2.0,0.0,1.0,0.0,0.0,0.0,8x7219,8x7219,,5,1,2,5.4,1.0,4.0,5.4,0.2,0.4,6.4799999999999995,0.2,2.8000000000000003,7.133333333333333,2,1,3,17.0,8.5,11.0,10.0,11.0,10.0,FLUC2,3,P,finished,0,1,False,True,7,7,1.0,True,True,96.0,0.611111111111111,0.2534375,0.0,5.0,9-12,middle,False,0.539222613315999,2.0,0.16095769754675854,0.1,0.16095769754675854,0.06095769754675853,6.095769754675853,1.0,1.0,10.0,-1.0,-1.0
10201132,3,R3 Queensland Electrical Solutions (Bm70),635,Toowoomba,Australia,Horses - Aus/NZ,,Fast,1200,Good (4),2026-02-28T08:29:00+00:00,9,7,1170263722,4,Satay Chicken,4,Nozi Tomizawa,W Oakenfull,Inverell,59.5,7,g,8.0,99.0,99.0,18.52,55.56,141125.0,27.0,5.0,5.0,5.0,19.0,5.0,6.0,0.0,2.0,0.0,5.0,2.0,3.0,0.0,5.0,1.0,4.0,1.0,0.0,0.0,4x2202,4x2202,Backmarker,6,0,5,4.0,2.0,6.0,4.4,0.0,0.8,1.75,0.3,2.066666666666667,7.6,2,2,4,14.0,13.0,10.0,11.0,10.0,11.0,FLUC2,2,P,finished,0,1,False,True,7,7,1.0,True,True,99.0,0.2210526315789474,0.2914285714285714,0.0,4.0,9-12,sprint,False,0.4826432512284561,2.0,0.1497536122993766,0.09090909090909091,0.1497536122993766,0.058844521390285676,5.884452139028568,-1.0,1.0,11.0,-1.0,-1.0
10201133,6,R6 Claridge Racing Mdn Plate,635,Toowoomba,Australia,Horses - Aus/NZ,,Fast,1200,Good (4),2026-02-28T10:22:00+00:00,9,7,1170263880,7,Zouslayer,4,Dylan Turner,Jack Bruce,Deagon,58.0,4,g,91.0,100.0,100.0,0.0,0.0,1600.0,2.0,0.0,0.0,0.0,1.0,0.0,1.0,0.0,0.0,0.0,0.0,0.0,0.0,0.0,2.0,0.0,0.0,0.0,0.0,0.0,6x9,6x9,Leader,5,0,0,6.2,5.0,6.666666666666667,6.2,0.0,0.0,8.76,4.4,9.1,3.8,1,0,2,9.0,4.8,10.0,11.0,,11.0,FLUC2,7,L,finished,0,0,False,True,7,7,1.0,True,True,100.0,0.0,0.040398550724637675,0.0,4.0,9-12,sprint,False,0.3666237187014865,1.0,0.1470011569195112,0.09090909090909091,0.1470011569195112,0.0560920660104203,5.60920660104203,,1.0,11.0,-1.0,-1.0
10201152,5,R5 Gc Bowls Club March 15Th Hcp (60),366,Gold Coast,Australia,Horses - Aus/NZ,,Fast,1000,Heavy (8),2026-02-28T05:29:00+00:00,11,7,1170265479,2,Enhance,8,Dylan Turner,Stephen McLean,Gold Coast,59.5,4,g,66.0,84.0,84.0,6.25,62.5,88400.0,16.0,1.0,8.0,1.0,5.0,0.0,8.0,1.0,1.0,0.0,5.0,1.0,3.0,1.0,4.0,1.0,4.0,0.0,1.0,1.0,x12240,x12240,Off Pace,6,1,4,3.5,1.0,5.333333333333333,3.8,0.2,0.6,2.8000000000000003,1.5,3.233333333333333,6.3999999999999995,4,3,1,27.0,10.0,10.0,11.0,,11.0,FLUC2,6,L,finished,0,0,False,True,7,7,1.0,True,True,84.0,0.17777777777777778,0.31701754385964914,1.0,5.0,9-12,sprint,False,0.5291649721975454,1.0,0.15701651714970255,0.09090909090909091,0.15701651714970255,0.06610742624061164,6.610742624061164,,1.0,11.0,-1.0,-1.0
10201168,8,R8 Ladbrokes Top 2/3/4 Betting (Bm62),584,Sale,Australia,Horses - Aus/NZ,,Fast,1112,Soft (6),2026-03-01T05:55:00+00:00,11,7,1170268618,2,Juice Box,2,Bailey Kinninmont,Ms R Kelly,Sale,61.0,7,m,88.0,90.0,90.0,17.24,41.38,224242.0,58.0,10.0,7.0,7.0,26.0,4.0,23.0,4.0,8.0,2.0,16.0,2.0,14.0,2.0,4.0,1.0,4.0,0.0,2.0,2.0,714109,714109,Leader,6,2,2,5.666666666666667,1.0,7.333333333333333,5.4,0.4,0.4,4.716666666666667,0.1,4.633333333333334,9.683333333333334,4,2,3,14.0,23.0,9.5,10.0,10.0,10.0,FLUC2,1,W,finished,1,1,False,True,7,7,1.0,True,True,90.0,0.1472567287784679,0.32050000000000006,1.0,4.0,9-12,sprint,False,0.5455704868494704,2.0,0.15557253077941272,0.1,0.15557253077941272,0.05557253077941271,5.5572530779412705,0.0,1.0,10.0,9.0,9.0
10201172,6,R6 Sale Mowers & Chainsaws (Bm62),584,Sale,Australia,Horses - Aus/NZ,,Normal,1427,Soft (6),2026-03-01T04:45:00+00:00,14,8,1170268869,10,Honey Maker,1,Luke Currie,Shawn Mathrick,Cranbourne,57.5,4,m,21.0,93.0,93.0,12.5,43.75,72765.0,16.0,2.0,1.0,4.0,10.0,1.0,5.0,1.0,1.0,0.0,5.0,2.0,2.0,0.0,3.0,0.0,3.0,0.0,1.0,1.0,311707,311707,Off Midfield,6,2,3,4.833333333333333,1.0,8.0,5.2,0.4,0.4,3.65,0.2,6.133333333333333,11.533333333333333,5,1,2,18.0,16.0,13.0,12.0,13.0,12.0,FLUC2,2,P,finished,0,1,False,True,8,8,1.0,True,True,93.0,0.20000000000000004,0.3223809523809524,1.0,5.0,12-20,middle,False,0.5663309495236462,2.0,0.13518686747759187,0.08333333333333333,0.13518686747759187,0.05185353414425854,5.185353414425855,1.0,1.0,12.0,-1.0,-1.0
10201243,4,R4 Ladbrokes Mega Multi (Bm62),355,Gatton,Australia,Horses - Aus/NZ,,Fast,1100,Soft (5),2026-03-01T04:50:00+00:00,8,5,1170283602,6,Captain Bull,7,Dylan Turner,L J Hatch,Toowoomba,58.5,3,g,49.0,76.0,76.0,100.0,100.0,22700.0,1.0,1.0,0.0,0.0,1.0,1.0,0.0,0.0,0.0,0.0,1.0,1.0,1.0,1.0,1.0,1.0,0.0,0.0,0.0,0.0,1,1,Midfield,3,2,2,2.0,1.0,2.0,2.0,0.6666666666666666,0.6666666666666666,2.1,1.0,2.1,3.4,1,1,1,35.0,13.0,9.0,9.5,9.0,9.5,FLUC2,1,W,finished,1,1,False,True,5,5,1.0,True,True,76.0,0.6666666666666666,0.5666666666666668,0.0,4.0,9-12,sprint,False,0.5745716777800836,2.0,0.20807081285556409,0.10526315789473684,0.20807081285556409,0.10280765496082725,10.280765496082726,-0.5,1.0,9.5,8.5,8.5
10204784,6,R6 Wests Illawarra Community Strong (Bm64),423,Kembla Grange,Australia,Horses - Aus/NZ,,Fast,1600,Heavy (9),2026-03-03T05:55:00+00:00,11,6,1170687487,5,Smart Cry,6,Heavelon Van Der Hoven,J C Coyle,Warwick Farm,58.0,4,m,9.0,93.0,93.0,33.33,33.33,39925.0,6.0,2.0,0.0,0.0,3.0,1.0,1.0,0.0,2.0,1.0,0.0,0.0,2.0,1.0,2.0,0.0,2.0,2.0,1.0,1.0,156x51,156x51,Backmarker,6,1,1,4.5,1.0,3.6666666666666665,4.4,0.2,0.2,3.1166666666666667,0.1,2.033333333333333,7.1,0,1,1,15.0,10.0,8.5,9.0,,9.0,FLUC2,6,L,finished,0,0,False,True,6,6,1.0,True,True,93.0,0.3333333333333333,0.19941558441558443,1.0,5.0,9-12,middle,False,0.5575288012747297,1.0,0.18696830724093402,0.1111111111111111,0.18696830724093402,0.07585719612982292,7.585719612982292,,1.0,9.0,-1.0,-1.0
10218838,4,R4 Computer Talk - Business It Experts (Bm70),15602,Pakenham,Australia,Horses - Aus/NZ,,Not Available,1000,Good (4),2026-03-05T07:45:00+00:00,9,4,1172264055,2,Innocent Enuff,4,Ryan Houston,Logan McGill,Mornington,62.0,6,m,91.0,92.0,92.0,17.5,60.0,240580.0,40.0,7.0,9.0,8.0,30.0,4.0,3.0,1.0,1.0,0.0,23.0,4.0,0.0,0.0,4.0,1.0,3.0,1.0,8.0,3.0,816841,816841,Leader,6,2,2,4.666666666666667,1.0,4.333333333333333,4.0,0.4,0.4,2.2333333333333334,0.1,2.0,10.5,6,0,6,20.0,9.5,9.0,9.5,10.0,9.5,FLUC2,3,P,finished,0,1,False,True,4,4,1.0,True,True,92.0,0.10241545893719806,0.3345955882352942,0.375,3.0,9-12,sprint,False,0.48560011270477826,2.0,0.2517800486792715,0.10526315789473684,0.2517800486792715,0.14651689078453467,14.651689078453467,0.5,1.0,9.5,-1.0,-1.0
10222436,10,R10 Entain/ Nzb Insurance Pearl Series Final (Bm72),340,Ellerslie,New Zealand,Horses - Aus/NZ,,Slow,1400,Good (4),2026-03-07T05:40:00+00:00,14,4,1172619447,10,Sperlari,14,Craig Grylls,C W Cole,Matamata,57.0,4,m,28.0,93.0,93.0,22.22,55.56,36715.0,9.0,2.0,1.0,2.0,6.0,1.0,3.0,1.0,0.0,0.0,6.0,2.0,1.0,0.0,2.0,0.0,2.0,0.0,0.0,0.0,3x4931,3x4931,,6,2,4,3.5,1.0,4.333333333333333,4.0,0.2,0.6,2.766666666666667,1.2,3.8666666666666667,9.1,4,1,3,20.0,14.0,10.0,11.0,10.0,11.0,FLUC2,4,P,finished,0,0,False,True,4,4,1.0,True,True,93.0,0.16666666666666666,0.32145833333333335,0.0,4.0,9-12,middle,False,0.45977498681742857,2.0,0.23943175987090048,0.09090909090909091,0.23943175987090048,0.14852266896180957,14.852266896180957,-1.0,1.0,11.0,-1.0,-1.0
10222443,7,R7 Multi Ethnic Xtravaganza Africa (Bm75),518,New Plymouth Raceway,New Zealand,Horses - Aus/NZ,,Normal,1400,Soft (6),2026-03-07T02:47:00+00:00,8,4,1172621272,7,Za Spirit,1,Toni Davies,T R Hina,New Plymouth,57.0,6,m,20.0,99.0,99.0,13.79,55.17,122810.0,29.0,4.0,4.0,8.0,10.0,2.0,11.0,0.0,7.0,2.0,7.0,2.0,9.0,3.0,5.0,0.0,5.0,0.0,0.0,0.0,092341,092341,,6,1,3,5.166666666666667,1.0,2.6666666666666665,3.8,0.2,0.6,3.35,0.1,1.4000000000000001,7.8,5,2,4,22.0,5.5,8.5,9.0,8.0,9.0,FLUC2,2,P,finished,0,1,False,True,4,4,1.0,True,True,99.0,0.20634920634920637,0.3252334152334152,0.0,3.0,9-12,middle,False,0.49087732512325344,1.0,0.2630444465141945,0.1111111111111111,0.2630444465141945,0.1519333354030834,15.193333540308341,-1.0,1.0,9.0,-1.0,-1.0
10226343,5,R5 Upton's Centre Pivot Irrigation Country Boosted (Bm58),308,Corowa,Australia,Horses - Aus/NZ,,Fast,1300,Good (4),2026-03-07T04:36:00+00:00,10,8,1173005681,4,Rager,9,Damon Budler,Becky Byrne,Canberra,59.5,7,g,85.0,100.0,100.0,16.28,41.86,84925.0,43.0,7.0,8.0,3.0,23.0,4.0,6.0,0.0,5.0,0.0,5.0,1.0,0.0,0.0,6.0,1.0,5.0,2.0,5.0,2.0,x11931,x11931,Leader,6,3,4,4.166666666666667,1.0,4.333333333333333,3.0,0.6,0.8,4.183333333333333,1.0,4.1,6.8999999999999995,5,0,2,21.0,7.0,10.0,11.0,,11.0,FLUC2,7,L,finished,0,0,False,True,8,8,1.0,True,True,100.0,0.1246376811594203,0.5371572580645161,0.4,7.0,9-12,sprint,False,0.580578867135334,1.0,0.14684705488386374,0.09090909090909091,0.14684705488386374,0.055937963974772825,5.593796397477282,,1.0,11.0,-1.0,-1.0
10226491,3,R3 Blueline Group Classic Hcp,366,Gold Coast,Australia,Horses - Aus/NZ,,Normal,1200,Soft (5),2026-03-07T04:18:00+00:00,8,6,1173031182,6,Hulkamania,3,Dylan Turner,Adam Campton,Gold Coast,55.0,6,g,14.0,96.0,96.0,16.67,63.89,164270.0,36.0,6.0,6.0,11.0,11.0,0.0,6.0,1.0,0.0,0.0,7.0,2.0,10.0,1.0,6.0,1.0,5.0,1.0,0.0,0.0,363022,363022,Backmarker,6,0,4,4.166666666666667,2.0,2.0,3.8,0.0,0.8,4.416666666666667,0.9,4.933333333333334,9.95,2,2,0,21.0,8.0,9.5,10.0,11.0,10.0,FLUC2,4,P,finished,0,0,False,True,6,6,1.0,True,True,96.0,0.1841269841269841,0.3190322580645161,0.0,5.0,9-12,sprint,False,0.4735042153385284,2.0,0.1721809115995846,0.1,0.1721809115995846,0.07218091159958459,7.218091159958459,1.0,1.0,10.0,-1.0,-1.0
10240954,8,R8 Sportsbet Fixed Odds Exotics (Bm70),585,Sandown,Australia,Horses - Aus/NZ,,Normal,1600,Good (4),2026-03-11T08:00:00+00:00,8,6,1174807951,4,Blistering,5,Jason Maskiell,John Pascoe,Moe,59.5,7,m,0.0,100.0,100.0,14.89,38.3,407380.0,47.0,7.0,7.0,4.0,33.0,5.0,7.0,2.0,7.0,0.0,11.0,2.0,7.0,1.0,7.0,1.0,5.0,0.0,20.0,3.0,271721,271721,Backmarker,6,2,4,3.3333333333333335,1.0,3.3333333333333335,3.6,0.4,0.6,3.8666666666666667,0.8,5.066666666666667,16.933333333333334,2,0,5,10.0,13.0,9.0,8.5,8.5,8.5,FLUC2,1,W,finished,1,1,False,True,6,6,1.0,True,True,100.0,0.15873015873015872,0.40923076923076923,0.15,3.0,6-9,middle,False,0.5253870266160683,2.0,0.1745092169958439,0.11764705882352941,0.1745092169958439,0.05686215817231449,5.686215817231449,0.0,1.0,8.5,7.5,7.5
10240955,5,R5 Ive > (Bm64),585,Sandown,Australia,Horses - Aus/NZ,,Fast,1400,Good (4),2026-03-11T06:25:00+00:00,8,7,1174807940,4,Beautifully,7,Jett Stanley,T Busuttin & N Young,Cranbourne,59.0,3,f,95.0,98.0,98.0,50.0,50.0,18450.0,2.0,1.0,0.0,0.0,2.0,1.0,0.0,0.0,0.0,0.0,1.0,1.0,0.0,0.0,2.0,1.0,0.0,0.0,1.0,1.0,0x1,0x1,Leader,2,1,1,5.5,1.0,5.5,5.5,0.5,0.5,3.9,0.8,3.9,10.0,1,0,2,19.0,6.5,9.0,9.5,9.0,9.5,FLUC2,4,P,finished,0,0,False,True,7,7,1.0,True,True,98.0,0.5,0.3961538461538462,1.0,4.0,9-12,middle,False,0.6670844982929041,1.0,0.15938416880516926,0.10526315789473684,0.15938416880516926,0.05412101091043242,5.412101091043242,-0.5,1.0,9.5,-1.0,-1.0
10244368,5,R5 Ladbrokes Mates Mode Plate (C4),442,Launceston,Australia,Horses - Aus/NZ,,Fast,1400,Soft (5),2026-03-13T08:38:00+00:00,6,4,1175153399,4,Sister Royal,1,Erica Byrne Burke,S Gandy,Brighton,57.0,4,m,24.0,65.0,65.0,40.0,50.0,67560.0,10.0,4.0,0.0,1.0,3.0,0.0,6.0,4.0,0.0,0.0,4.0,2.0,3.0,3.0,2.0,0.0,2.0,0.0,4.0,4.0,61111x,61111x,Off Midfield,6,5,6,1.3333333333333333,1.0,1.6666666666666667,1.4,0.8,1.0,2.1166666666666667,0.1,3.6666666666666665,3.8,1,2,5,25.0,14.0,9.0,8.5,8.0,8.5,FLUC2,4,P,finished,0,0,False,True,4,4,1.0,True,True,65.0,0.7222222222222222,0.7405357142857144,1.0,2.0,6-9,middle,False,0.6999769228309646,1.0,0.3105093817292493,0.11764705882352941,0.3105093817292493,0.1928623229057199,19.286232290571988,-0.5,1.0,8.5,-1.0,-1.0
10244371,7,R7 House Of Arras Hcp,442,Launceston,Australia,Horses - Aus/NZ,,Fast,1100,Soft (5),2026-03-13T09:38:00+00:00,7,6,1175153546,5,Cherokee Dancer,1,Erica Byrne Burke,Adam Trinder,Latrobe,54.0,5,m,46.0,93.0,93.0,22.73,63.64,122250.0,22.0,5.0,4.0,5.0,8.0,1.0,7.0,0.0,0.0,0.0,7.0,1.0,13.0,1.0,5.0,1.0,4.0,2.0,16.0,4.0,x2113x,x2113x,Midfield,6,2,5,2.3333333333333335,1.0,3.3333333333333335,2.4,0.4,0.8,2.033333333333333,1.4,1.5333333333333332,4.8,4,2,2,31.0,5.5,13.0,12.0,14.0,12.0,FLUC2,1,W,finished,1,1,False,True,6,6,1.0,True,True,93.0,0.07326007326007326,0.4796153846153846,0.25,4.0,12-20,sprint,False,0.5131532938459905,2.0,0.17027810054999545,0.08333333333333333,0.17027810054999545,0.08694476721666212,8.694476721666213,2.0,1.0,12.0,11.0,11.0
10248196,6,R6 Manawatu Sound Service (Bm65),661,Wanganui,New Zealand,Horses - Aus/NZ,,Normal,1600,Heavy (8),2026-03-14T02:13:00+00:00,13,4,1175557964,9,Platinum Tyche,10,Bruno Queiroz,Ms L Latta,Awapuni,57.0,4,m,38.0,97.0,97.0,20.0,20.0,39335.0,10.0,2.0,0.0,0.0,4.0,2.0,6.0,0.0,0.0,0.0,1.0,0.0,1.0,1.0,2.0,0.0,2.0,0.0,0.0,0.0,L11970,L11970,,6,2,2,5.166666666666667,0.0,9.666666666666666,6.2,0.4,0.4,3.9499999999999997,0.0,6.933333333333333,12.566666666666668,1,1,0,70.0,11.0,9.5,11.0,12.0,11.0,FLUC2,4,P,finished,0,0,False,True,4,4,1.0,True,True,97.0,0.3333333333333333,0.3183868243243243,0.0,4.0,9-12,middle,False,0.5061868674480591,1.0,0.2695981686003666,0.09090909090909091,0.2695981686003666,0.1786890776912757,17.86890776912757,1.0,1.0,11.0,-1.0,-1.0
10248352,5,R5 Ladbrokes 55 Second Challenge Final - Series 2 (Bm84),310,Cranbourne,Australia,Horses - Aus/NZ,,Fast,955,Good (4),2026-03-13T09:15:00+00:00,7,6,1175580285,3,Unflinching,7,Logan Bates,Shawn Mathrick,Cranbourne,62.0,7,g,82.0,98.0,98.0,35.0,60.0,468375.0,20.0,7.0,3.0,2.0,17.0,6.0,3.0,1.0,0.0,0.0,17.0,7.0,0.0,0.0,8.0,2.0,5.0,1.0,2.0,1.0,9x1x8x,9x1x8x,Pace,6,2,2,5.0,1.0,3.3333333333333335,5.2,0.4,0.4,4.016666666666667,1.5,4.233333333333333,7.0,4,0,6,168.0,4.8,10.0,11.0,10.0,11.0,FLUC2,3,P,finished,0,1,False,True,6,6,1.0,True,True,98.0,0.2549019607843137,0.33961538461538465,0.5,5.0,9-12,sprint,False,0.5503691610255733,2.0,0.1748368264237362,0.09090909090909091,0.1748368264237362,0.0839277355146453,8.392773551464531,-1.0,1.0,11.0,-1.0,-1.0
10248356,3,R3 Make-A-Wish (Bm66),310,Cranbourne,Australia,Horses - Aus/NZ,,Fast,1600,Good (4),2026-03-13T08:15:00+00:00,8,6,1175580387,4,Standard Deviation,5,Jye Mcneil,C J Waller,Flemington,59.5,4,g,0.0,86.0,86.0,25.0,75.0,33898.0,4.0,1.0,2.0,0.0,2.0,1.0,2.0,0.0,0.0,0.0,3.0,0.0,0.0,0.0,2.0,1.0,1.0,0.0,1.0,1.0,422x1,422x1,Backmarker,4,1,3,2.25,1.0,1.6666666666666667,2.25,0.25,0.75,1.125,0.1,0.2333333333333333,7.25,3,0,2,15.0,5.5,8.5,9.0,,9.0,FLUC2,6,L,finished,0,0,False,True,6,6,1.0,True,True,86.0,0.16666666666666666,0.4274038461538461,1.0,5.0,9-12,middle,False,0.5680919464628748,2.0,0.17679117269018352,0.1111111111111111,0.17679117269018352,0.06568006157907241,6.5680061579072415,,1.0,9.0,-1.0,-1.0
10248384,5,R5 Kyneton Electrics (Bm56),437,Kyneton,Australia,Horses - Aus/NZ,,Fast,1106,Good (4),2026-03-13T04:30:00+00:00,8,5,1175585759,6,Struggle Street,2,Ruby Lamont,Reece Goodwin,Pakenham OC,60.5,5,m,75.0,90.0,90.0,18.18,27.27,35870.0,11.0,2.0,0.0,1.0,7.0,1.0,1.0,1.0,3.0,0.0,6.0,1.0,0.0,0.0,4.0,2.0,3.0,0.0,0.0,0.0,9408x3,9408x3,Pace,6,1,2,6.166666666666667,1.0,7.666666666666667,7.2,0.0,0.2,5.883333333333333,1.6,6.833333333333333,11.266666666666666,2,0,3,13.0,9.5,8.0,8.5,8.5,8.5,FLUC2,1,W,finished,1,1,False,True,5,5,1.0,True,True,90.0,0.10317460317460318,0.09823792486583183,0.0,4.0,6-9,sprint,False,0.3709780621954759,2.0,0.2028060574446105,0.11764705882352941,0.2028060574446105,0.08515899862108109,8.515899862108109,0.0,1.0,8.5,7.5,7.5
10248451,3,R3 Two Bays Farm Vobis Gold So Si Bon,279,Caulfield,Australia,Horses - Aus/NZ,,Fast,1400,Good (4),2026-03-14T02:20:00+00:00,7,6,1175600215,5,Al Duca,6,Luke Currie,A & S Freedman,Cranbourne,54.0,5,g,100.0,88.0,88.0,37.5,75.0,321210.0,16.0,6.0,6.0,0.0,12.0,5.0,3.0,1.0,1.0,0.0,4.0,1.0,2.0,1.0,3.0,1.0,3.0,1.0,0.0,0.0,11421x,11421x,Leader,6,3,5,1.8333333333333333,1.0,2.3333333333333335,1.8,0.6,0.8,0.5666666666666668,0.1,0.5,6.5,2,2,5,128.0,9.0,8.5,8.0,8.5,8.0,FLUC2,2,P,finished,0,1,False,True,6,6,1.0,True,True,88.0,0.3888888888888889,0.5779411764705883,0.0,4.0,6-9,middle,False,0.5654079877393554,2.0,0.17978568920852928,0.125,0.17978568920852928,0.054785689208529276,5.478568920852927,0.5,1.0,8.0,-1.0,-1.0
10248468,4,R4 Ocean Views Resort Hcp (C2),602,Sunshine Coast,Australia,Horses - Aus/NZ,,Fast,1100,Heavy (10),2026-03-13T09:30:00+00:00,8,8,1175602141,7,Blakemore Avenue,5,Tiffani Brooker,J W Healy,Sunshine Coast,55.5,4,m,52.0,94.0,94.0,22.22,33.33,57000.0,9.0,2.0,1.0,0.0,5.0,1.0,2.0,0.0,1.0,0.0,1.0,1.0,3.0,0.0,4.0,2.0,3.0,0.0,3.0,1.0,96x152,96x152,Off Pace,6,1,3,4.166666666666667,1.0,2.6666666666666665,3.2,0.2,0.6,2.8333333333333335,0.2,0.6666666666666666,6.6000000000000005,4,1,1,13.0,12.0,11.0,12.0,12.0,12.0,FLUC2,1,W,finished,1,1,False,True,8,8,1.0,True,True,94.0,0.3333333333333333,0.32994134897360705,0.3333333333333333,7.0,12-20,sprint,False,0.5320990685014425,1.0,0.13568125731453015,0.08333333333333333,0.13568125731453015,0.05234792398119682,5.234792398119683,0.0,1.0,12.0,11.0,11.0
10248547,4,"R4 Ladbrokes Same Race Multi, 2Nd Leg National Appr Race Series Hcp (64)",199,Alice Springs,Australia,Horses - Aus/NZ,,Fast,1000,Good,2026-03-15T05:45:00+00:00,6,4,1175610354,1,Frankfurt,3,Jessica Booth,K J Lamprecht,Alice Springs,60.5,5,g,100.0,93.0,93.0,18.18,54.55,106105.0,22.0,4.0,4.0,4.0,20.0,4.0,1.0,0.0,0.0,0.0,0.0,0.0,8.0,3.0,4.0,0.0,4.0,1.0,1.0,0.0,42511x,42511x,Leader,6,2,3,2.8333333333333335,1.0,2.3333333333333335,2.6,0.4,0.6,3.5999999999999996,0.4,3.033333333333333,3.0,0,0,6,155.0,4.4,10.0,9.5,10.0,9.5,FLUC2,2,P,finished,0,1,False,True,4,4,1.0,True,True,93.0,0.19166666666666665,0.4241304347826087,0.0,3.0,9-12,sprint,False,0.49631080821486634,2.0,0.2592752973534382,0.10526315789473684,0.2592752973534382,0.15401213945870135,15.401213945870134,0.5,1.0,9.5,-1.0,-1.0
10251759,4,R4 De Bortoli (Bm62),700,Yarra Valley,Australia,Horses - Aus/NZ,,Fast,1200,Good (4),2026-03-15T04:05:00+00:00,8,7,1175936863,2,Superset,5,Bailey Kinninmont,Shawn Mathrick,Cranbourne,63.0,6,g,67.0,84.0,84.0,13.95,46.51,221915.0,43.0,6.0,8.0,6.0,30.0,5.0,12.0,1.0,1.0,0.0,24.0,3.0,1.0,1.0,6.0,1.0,6.0,0.0,2.0,1.0,815631,815631,Pace,6,2,3,4.0,1.0,3.3333333333333335,3.2,0.4,0.6,3.1666666666666665,0.1,2.033333333333333,14.0,5,0,5,12.0,9.0,10.0,11.0,11.0,11.0,FLUC2,1,W,finished,1,1,False,True,7,7,1.0,True,True,84.0,0.4305555555555556,0.4046153846153846,0.5,6.0,9-12,sprint,False,0.5559998799798217,2.0,0.15687510201496813,0.09090909090909091,0.15687510201496813,0.06596601110587721,6.596601110587722,0.0,1.0,11.0,10.0,10.0
10269106,7,R7 Elsdon Park (Bm75),560,Pukekohe,New Zealand,Horses - Aus/NZ,,Fast,1200,Good (4),2026-03-20T03:20:00+00:00,11,4,1178050977,1,Charmrose,1,Opie Bosson,Mark Walker & Sam Bergerson,Matamata,59.0,5,m,13.0,96.0,96.0,21.43,64.29,100410.0,14.0,3.0,6.0,0.0,4.0,2.0,7.0,1.0,3.0,0.0,10.0,2.0,0.0,0.0,3.0,1.0,3.0,1.0,1.0,0.0,x11524,x11524,,6,2,3,3.1666666666666665,1.0,3.6666666666666665,2.6,0.4,0.6,1.4833333333333334,0.2,2.033333333333333,5.333333333333333,6,0,1,19.0,4.4,6.0,5.5,6.0,5.5,FLUC2,1,W,finished,1,1,False,True,4,4,1.0,True,True,96.0,0.2333333333333333,0.40814285714285714,0.0,3.0,3-6,sprint,False,0.514263553390435,1.0,0.2629170738614307,0.18181818181818182,0.2629170738614307,0.08109889204324888,8.109889204324888,0.5,1.0,5.5,4.5,4.5
10273458,3,R3 Rock Magic Stakes,207,Ascot,Australia,Horses - Aus/NZ,,Fast,1000,Good (4),2026-03-21T04:55:00+00:00,6,5,1178602271,2,Acromantula,5,Lucy F Fiore,D & B Pearce,Karnup,57.5,8,g,93.0,93.0,93.0,22.73,47.73,808377.0,44.0,10.0,7.0,4.0,37.0,8.0,7.0,2.0,0.0,0.0,32.0,9.0,28.0,8.0,9.0,2.0,9.0,3.0,1.0,1.0,47x941,47x941,Leader,6,1,2,4.5,1.0,3.3333333333333335,3.6,0.2,0.4,2.983333333333333,0.5,2.2333333333333334,13.0,6,3,6,12.0,9.5,7.5,7.0,6.5,7.0,FLUC2,4,P,finished,0,0,False,True,5,5,1.0,True,True,93.0,0.2610601673101673,0.2618881118881119,1.0,4.0,6-9,sprint,False,0.5634396925678856,2.0,0.2047128398650862,0.14285714285714285,0.2047128398650862,0.061855697007943355,6.1855697007943355,-0.5,1.0,7.0,-1.0,-1.0
10273459,5,R5 Supremacy Stakes,207,Ascot,Australia,Horses - Aus/NZ,,Fast,1000,Good (4),2026-03-21T06:21:00+00:00,8,8,1178602286,1,All On Red,6,Luke Campbell,Tiarnna Noske,Coolup,58.5,2,c,96.0,78.0,78.0,66.67,100.0,140370.0,3.0,2.0,0.0,1.0,2.0,1.0,1.0,1.0,0.0,0.0,2.0,2.0,3.0,2.0,1.0,1.0,1.0,1.0,2.0,2.0,113x,113x,Leader,6,4,6,1.5,1.0,1.6666666666666667,1.4,0.8,1.0,2.1,1.0,2.3666666666666667,3.4,4,3,5,12.0,7.5,11.0,10.0,,10.0,FLUC2,7,L,finished,0,0,False,True,8,8,1.0,True,True,78.0,0.7222222222222222,0.7362500000000002,1.0,4.0,9-12,sprint,False,0.7432885855382212,2.0,0.15010581246186516,0.1,0.15010581246186516,0.05010581246186516,5.010581246186516,,1.0,10.0,-1.0,-1.0
10276861,3,R3 Towac Legends Day Orange Cup Prelude (Bm82),538,Orange,Australia,Horses - Aus/NZ,,Fast,1600,Good (4),2026-03-22T03:45:00+00:00,9,5,1178895858,5,Dark Vador,3,Heavelon Van Der Hoven,Matthew Smith,Warwick Farm,57.0,6,g,67.0,92.0,92.0,16.22,45.95,167335.0,37.0,6.0,8.0,3.0,24.0,6.0,12.0,0.0,1.0,0.0,11.0,3.0,3.0,1.0,5.0,0.0,5.0,1.0,0.0,0.0,951401,951401,Pace,6,2,3,4.166666666666667,1.0,5.666666666666667,4.6,0.4,0.4,4.85,0.5,6.8999999999999995,26.833333333333332,4,0,4,29.0,12.0,8.0,8.5,8.5,8.5,FLUC2,1,W,finished,1,1,False,True,5,5,1.0,True,True,92.0,0.2853535353535353,0.3315322580645162,0.0,4.0,6-9,middle,False,0.48440214859086766,2.0,0.20266677300544197,0.11764705882352941,0.20266677300544197,0.08501971418191256,8.501971418191257,0.0,1.0,8.5,7.5,7.5
10293913,8,R8 Hygain Edge Hcp (62),15602,Pakenham,Australia,Horses - Aus/NZ,,Slow,1600,Heavy (9),2026-03-26T09:45:00+00:00,8,5,1180918515,3,Gymkhana,4,Jackie Beriman,Angus Townley,Pakenham,59.0,6,g,26.0,86.0,86.0,13.04,34.78,77745.0,23.0,3.0,1.0,4.0,13.0,2.0,7.0,1.0,1.0,0.0,6.0,1.0,4.0,1.0,6.0,1.0,5.0,0.0,1.0,1.0,359491,359491,Off Midfield,6,1,2,5.166666666666667,1.0,4.666666666666667,5.6,0.2,0.2,2.9166666666666665,0.2,2.6333333333333333,19.0,2,1,0,12.0,23.0,8.0,7.5,8.0,7.5,FLUC2,4,P,finished,0,0,False,True,5,5,1.0,True,True,86.0,0.13888888888888887,0.19079491255961845,1.0,4.0,6-9,middle,False,0.4926903472082726,1.0,0.21409379241100396,0.13333333333333333,0.21409379241100396,0.08076045907767063,8.076045907767062,0.5,1.0,7.5,-1.0,-1.0
10294002,6,R6 Ladbrokes Top 2/3/4 Betting Hcp,265,Cairns,Australia,Horses - Aus/NZ,,Fast,1250,Heavy (9),2026-03-26T03:56:00+00:00,8,8,1180930602,1,Valenki,2,Michael J Murphy,O Chillemi,Tolga,62.0,6,g,16.0,93.0,93.0,23.68,57.89,181840.0,38.0,9.0,6.0,7.0,22.0,5.0,15.0,3.0,1.0,1.0,2.0,1.0,9.0,3.0,6.0,1.0,5.0,1.0,1.0,1.0,1162x1,1162x1,Backmarker,6,3,5,2.3333333333333335,1.0,3.0,2.2,0.6,0.8,1.7,0.2,1.8,4.6499999999999995,4,3,1,14.0,12.0,11.0,10.0,12.0,10.0,FLUC2,3,P,finished,0,1,False,True,8,8,1.0,True,True,93.0,0.611111111111111,0.5625,1.0,5.0,9-12,sprint,False,0.721441363315999,1.0,0.1560896701751325,0.1,0.1560896701751325,0.0560896701751325,5.60896701751325,2.0,1.0,10.0,-1.0,-1.0
10298330,6,R6 Courtesy Ford Manawatu Sires' Produce Stakes,642,Trentham,New Zealand,Horses - Aus/NZ,,Slow,1400,Soft (5),2026-03-28T02:28:00+00:00,13,4,1181246266,6,Excite,2,George Rooke,R James & R Wellwood,Cambridge,57.0,2,c,30.0,96.0,96.0,0.0,100.0,9250.0,2.0,0.0,2.0,0.0,0.0,0.0,1.0,0.0,1.0,0.0,0.0,0.0,0.0,0.0,1.0,0.0,1.0,0.0,0.0,0.0,22,22,,2,0,2,2.0,2.0,2.0,2.0,0.0,1.0,1.45,0.1,1.45,3.3499999999999996,0,0,1,17.0,10.0,9.5,10.0,9.5,10.0,FLUC2,4,P,finished,0,0,False,True,4,4,1.0,True,True,96.0,0.0,0.39999999999999997,0.0,2.0,9-12,middle,False,0.46096914109377674,2.0,0.2490365683474179,0.1,0.2490365683474179,0.1490365683474179,14.90365683474179,-0.5,1.0,10.0,-1.0,-1.0
10298437,7,R7 Vtr Medical (Bm62),310,Cranbourne,Australia,Horses - Aus/NZ,,Normal,1500,Soft (6),2026-03-27T09:45:00+00:00,13,8,1181257386,4,Hollerasaurous,2,Luke Currie,"Ben, Will & Jd Hayes",Pakenham 3,60.0,3,g,9.0,99.0,99.0,100.0,100.0,23375.0,1.0,1.0,0.0,0.0,1.0,1.0,0.0,0.0,0.0,0.0,0.0,0.0,0.0,0.0,1.0,1.0,0.0,0.0,1.0,1.0,1,1,Backmarker,2,2,2,1.0,1.0,1.0,1.0,1.0,1.0,0.1,0.1,0.1,3.2,1,0,0,19.0,6.0,9.0,9.5,,9.5,FLUC2,7,L,finished,0,0,False,True,8,8,1.0,True,True,99.0,0.0,0.8499999999999999,1.0,5.0,9-12,middle,False,0.7067383444467502,1.0,0.1584065926498614,0.10526315789473684,0.1584065926498614,0.05314343475512456,5.314343475512456,,1.0,9.5,-1.0,-1.0
10305623,6,R6 Mc Labour (Bm56),427,Kilmore,Australia,Horses - Aus/NZ,,Fast,1607,Soft (6),2026-03-31T05:00:00+00:00,8,5,1181982823,1,Ancho,3,Brittany Button,G W Egan,Mansfield,62.5,4,g,19.0,100.0,100.0,33.33,55.56,42585.0,9.0,3.0,0.0,2.0,6.0,1.0,2.0,1.0,1.0,1.0,4.0,1.0,0.0,0.0,3.0,2.0,3.0,1.0,6.0,3.0,330x17,330x17,Off Midfield,6,2,4,4.166666666666667,1.0,6.0,4.8,0.2,0.6,3.783333333333333,0.1,5.733333333333333,8.366666666666667,4,0,1,19.0,7.5,7.5,7.0,7.5,7.0,FLUC2,4,P,finished,0,0,False,True,5,5,1.0,True,True,100.0,0.25,0.31046082949308756,0.5,4.0,6-9,middle,False,0.5502994743873448,1.0,0.21966686212329822,0.14285714285714285,0.21966686212329822,0.07680971926615537,7.680971926615538,0.5,1.0,7.0,-1.0,-1.0
10315527,4,R4 Bennett Racing (Bm66),358,Geelong,Australia,Horses - Aus/NZ,,Fast,1700,Good (4),2026-04-01T04:05:00+00:00,7,7,1183212338,5,Revolver,2,John Allen,Archie Alexander,Ballarat,59.5,5,g,63.0,93.0,93.0,23.08,53.85,80230.0,13.0,3.0,2.0,2.0,8.0,3.0,4.0,0.0,1.0,0.0,4.0,1.0,3.0,2.0,3.0,0.0,3.0,2.0,10.0,3.0,9x7103,9x7103,Off Pace,6,1,2,6.5,1.0,4.666666666666667,6.0,0.2,0.4,5.6000000000000005,0.4,2.6,9.566666666666666,5,2,3,23.0,8.5,11.0,12.0,11.0,12.0,FLUC2,4,P,finished,0,0,False,True,7,7,1.0,True,True,93.0,0.4305555555555555,0.2464705882352941,0.3,4.0,12-20,middle,False,0.5196689513910598,2.0,0.14802516237484134,0.08333333333333333,0.14802516237484134,0.06469182904150801,6.469182904150801,-1.0,1.0,12.0,-1.0,-1.0
10319224,10,R10 Pink Ribbon Breakfast Race Day 16 April (Bm75),208,Ashburton,New Zealand,Horses - Aus/NZ,,Normal,1600,Soft (7),2026-04-02T04:20:00+00:00,14,4,1183542887,1,Eight Pence,4,Kendra Bakker,L M Robinson,Riccarton Park,59.5,4,g,10.0,85.0,85.0,27.27,45.45,93510.0,11.0,3.0,1.0,1.0,3.0,2.0,4.0,1.0,2.0,0.0,6.0,3.0,2.0,2.0,2.0,0.0,2.0,0.0,7.0,3.0,114216,114216,,6,3,4,2.5,1.0,3.0,2.8,0.4,0.6,1.4333333333333333,0.2,0.9666666666666667,8.566666666666668,6,2,2,33.0,5.0,7.5,7.0,7.5,7.0,FLUC2,3,P,finished,0,1,False,True,4,4,1.0,True,True,85.0,0.5833333333333334,0.4203571428571429,0.42857142857142855,3.0,6-9,middle,False,0.5902921779203709,1.0,0.2673939023568621,0.14285714285714285,0.2673939023568621,0.12453675949971926,12.453675949971926,0.5,1.0,7.0,-1.0,-1.0
10322974,3,R3 Harcourts Batemans Bay Hcp (C1),490,Moruya,Australia,Horses - Aus/NZ,,Fast,1010,Soft (6),2026-04-04T03:56:00+00:00,9,7,1184013618,4,Dancing Man,4,Dale Cole,Mary Bray,Goulburn,58.5,5,g,0.0,89.0,89.0,11.11,33.33,29450.0,9.0,1.0,1.0,1.0,4.0,0.0,5.0,1.0,0.0,0.0,3.0,0.0,1.0,0.0,3.0,0.0,2.0,0.0,2.0,1.0,616x87,616x87,Backmarker,6,1,1,5.5,1.0,6.666666666666667,5.4,0.2,0.2,5.066666666666666,1.7,7.666666666666667,16.5,4,0,4,13.0,9.0,10.0,11.0,,11.0,FLUC2,6,L,finished,0,0,False,True,7,7,1.0,True,True,89.0,0.06666666666666667,0.18264214046822744,0.5,6.0,9-12,sprint,False,0.43413012895789677,2.0,0.14609775852496437,0.09090909090909091,0.14609775852496437,0.05518866761587346,5.518866761587346,,1.0,11.0,-1.0,-1.0
10322979,3,R3 Affinity Construction (Bm58),527,Nowra,Australia,Horses - Aus/NZ,,Normal,1100,Heavy (8),2026-04-05T04:30:00+00:00,11,4,1184013764,8,Insane Volt,1,Jess Taylor,J Rolfe,Canberra,57.0,5,g,57.0,86.0,86.0,13.64,31.82,66290.0,22.0,3.0,4.0,0.0,10.0,0.0,4.0,1.0,2.0,0.0,7.0,1.0,1.0,0.0,7.0,1.0,4.0,1.0,0.0,0.0,6x1042,6x1042,Off Pace,6,1,2,5.166666666666667,1.0,5.333333333333333,4.6,0.2,0.4,4.033333333333333,0.2,3.3333333333333335,19.933333333333334,6,0,1,15.0,61.0,13.0,12.0,12.0,12.0,FLUC2,1,W,finished,1,1,False,True,4,4,1.0,True,True,86.0,0.047619047619047616,0.24800853485064012,0.0,4.0,12-20,sprint,False,0.38904303378836214,2.0,0.25214967987890663,0.08333333333333333,0.25214967987890663,0.16881634654557331,16.88163465455733,0.0,1.0,12.0,11.0,11.0
10323042,7,R7 Canberra Southern Cross Club Tuggeranong Cup,271,Canberra,Australia,Horses - Aus/NZ,,Fast,1600,Soft (5),2026-04-03T05:23:00+00:00,10,7,1184025009,9,Aristocrat,5,Jeff Penza,Matthew Kelley,Canberra,55.0,3,g,28.0,99.0,99.0,18.18,36.36,65200.0,11.0,2.0,2.0,0.0,5.0,2.0,4.0,0.0,2.0,0.0,3.0,1.0,1.0,1.0,2.0,0.0,2.0,1.0,3.0,1.0,672152,672152,Off Midfield,6,1,3,3.8333333333333335,1.0,2.6666666666666665,3.4,0.2,0.6,3.533333333333333,1.0,3.266666666666667,9.6,3,1,2,12.0,6.0,9.5,10.0,9.0,10.0,FLUC2,4,P,finished,0,0,False,True,7,7,1.0,True,True,99.0,0.4444444444444444,0.3319435736677116,0.3333333333333333,5.0,9-12,middle,False,0.5732744354163124,1.0,0.1557151999723307,0.1,0.1557151999723307,0.05571519997233068,5.571519997233068,-1.0,1.0,10.0,-1.0,-1.0
10323201,6,R6 Pony Xpress (Bm56),665,Warracknabeal,Australia,Horses - Aus/NZ,,Fast,2000,Good (3),2026-04-04T04:51:00+00:00,9,6,1184053827,3,Ready By Design,3,Melissa Julius,Sharni Julian,Edenhope,62.0,9,g,38.0,88.0,88.0,15.69,27.45,179810.0,51.0,8.0,2.0,4.0,26.0,5.0,19.0,2.0,6.0,1.0,16.0,3.0,1.0,0.0,7.0,1.0,6.0,0.0,5.0,1.0,237104,237104,Midfield,6,1,3,4.666666666666667,1.0,5.333333333333333,5.2,0.2,0.4,5.566666666666666,1.0,5.8,17.0,3,0,4,39.0,8.0,12.0,11.0,,11.0,FLUC2,5,L,finished,0,0,False,True,6,6,1.0,True,True,88.0,0.1266025641025641,0.2501547987616099,0.2,6.0,9-12,staying,False,0.432871105933091,1.0,0.17678817518709286,0.09090909090909091,0.17678817518709286,0.08587908427800195,8.587908427800194,,1.0,11.0,-1.0,-1.0
10323257,6,R6 Clubarham Kerang Cup,425,Kerang,Australia,Horses - Aus/NZ,,Normal,1800,Good (3),2026-04-04T05:44:00+00:00,7,6,1184059336,4,Star Buyer,2,Milos Bunjevac,Ben Brisbourne,Wangaratta,56.5,7,g,12.0,88.0,88.0,14.58,43.75,207665.0,48.0,7.0,7.0,7.0,27.0,3.0,17.0,3.0,4.0,1.0,5.0,2.0,1.0,1.0,5.0,0.0,5.0,0.0,0.0,0.0,454610,454610,Backmarker,6,1,1,5.5,1.0,6.666666666666667,5.8,0.2,0.2,4.166666666666667,0.1,4.033333333333333,16.900000000000002,2,0,4,16.0,7.0,9.0,8.5,8.0,8.5,FLUC2,3,P,finished,0,1,False,True,6,6,1.0,True,True,88.0,0.5037037037037037,0.18264214046822744,0.0,4.0,6-9,middle,False,0.46940514698201474,1.0,0.17671533345329912,0.11764705882352941,0.17671533345329912,0.05906827462976971,5.906827462976971,-0.5,1.0,8.5,-1.0,-1.0
10323552,3,R3 Lambron Contracting Hcp (Cl B),329,Dongara,Australia,Horses - Aus/NZ,,Fast,1100,Good (3),2026-04-04T07:15:00+00:00,8,7,1184085364,1,Truly Supreme,6,Amy Jo Hayes,G B Delane,Walkaway,60.0,4,m,15.0,91.0,91.0,5.26,31.58,35299.0,19.0,1.0,3.0,2.0,19.0,1.0,0.0,0.0,0.0,0.0,2.0,0.0,0.0,0.0,3.0,0.0,2.0,0.0,2.0,1.0,193722,193722,Backmarker,6,1,4,4.0,1.0,3.6666666666666665,4.6,0.0,0.6,2.6833333333333336,0.2,1.7000000000000002,12.833333333333334,0,0,6,44.0,3.9,10.0,11.0,,11.0,FLUC2,7,L,finished,0,0,False,True,7,7,1.0,True,True,91.0,0.017543859649122806,0.24214285714285713,0.5,5.0,9-12,sprint,False,0.4491557825567769,2.0,0.15101072315497693,0.09090909090909091,0.15101072315497693,0.06010163224588602,6.010163224588602,,1.0,11.0,-1.0,-1.0
10327076,4,R4 Grangewilliam Stud (Bm75),661,Wanganui,New Zealand,Horses - Aus/NZ,,Slow,2040,Good (3),2026-04-06T02:44:00+00:00,7,4,1184469643,7,Mahoe,1,Jim Chung,C R Isdale,Cambridge,54.0,8,g,7.0,96.0,96.0,10.13,26.58,221080.0,79.0,8.0,6.0,7.0,25.0,4.0,35.0,3.0,4.0,0.0,15.0,2.0,3.0,1.0,6.0,1.0,6.0,1.0,0.0,0.0,2Lx069,2Lx069,,6,0,1,6.333333333333333,0.0,8.333333333333334,5.4,0.0,0.2,7.383333333333333,0.0,10.799999999999999,33.9,4,1,0,16.0,21.0,9.0,9.5,10.0,9.5,FLUC2,4,P,finished,0,0,False,True,4,4,1.0,True,True,96.0,0.2088888888888889,0.09652597402597403,0.0,4.0,9-12,staying,False,0.41197391443232034,2.0,0.24645219701325866,0.10526315789473684,0.24645219701325866,0.14118903911852182,14.118903911852183,0.5,1.0,9.5,-1.0,-1.0
10327169,7,R7 Flooring Xtra Hamilton Hcp (62),387,Hamilton,Australia,Horses - Aus/NZ,,Fast,1400,Heavy (8),2026-04-07T06:30:00+00:00,10,6,1184488714,7,Tauri,2,Melissa Julius,Q J Scott,Crossley,57.0,5,m,95.0,90.0,90.0,18.75,18.75,50825.0,16.0,3.0,0.0,0.0,8.0,1.0,7.0,1.0,1.0,1.0,5.0,1.0,4.0,2.0,4.0,1.0,3.0,0.0,3.0,0.0,7169x7,7169x7,Leader,6,2,2,5.166666666666667,1.0,7.333333333333333,6.0,0.2,0.2,4.666666666666667,0.3,7.266666666666667,34.333333333333336,0,1,1,12.0,51.0,9.5,9.0,8.5,9.0,FLUC2,3,P,finished,0,1,False,True,6,6,1.0,True,True,90.0,0.5666666666666667,0.18232432432432433,0.0,5.0,9-12,middle,False,0.48856808991401823,2.0,0.17521549727453908,0.1111111111111111,0.17521549727453908,0.06410438616342798,6.410438616342798,-0.5,1.0,9.0,-1.0,-1.0
10340986,5,R5 Kress Robot Mowers (Bm66),584,Sale,Australia,Horses - Aus/NZ,,Fast,1006,Good (3),2026-04-08T05:25:00+00:00,8,7,1186445882,7,Freshen,2,Craig Newitt,Peter Gelagotis,Pakenham OC,56.0,3,f,86.0,96.0,96.0,100.0,100.0,45775.0,1.0,1.0,0.0,0.0,0.0,0.0,1.0,1.0,0.0,0.0,0.0,0.0,0.0,0.0,1.0,1.0,0.0,0.0,1.0,1.0,1x,1x,Leader,3,1,2,2.3333333333333335,1.0,2.3333333333333335,2.3333333333333335,0.3333333333333333,0.6666666666666666,1.0999999999999999,0.1,1.0999999999999999,7.5,1,0,2,13.0,,10.0,11.0,,11.0,FLUC2,5,L,finished,0,0,False,True,7,7,1.0,True,True,96.0,0.0,0.4233333333333333,1.0,4.0,9-12,sprint,False,0.5675041534840951,2.0,0.15482394410414008,0.09090909090909091,0.15482394410414008,0.06391485319504916,6.391485319504916,,1.0,11.0,-1.0,-1.0
10341021,3,R3 State Wide Turf Services Mdn,551,Pinjarra,Australia,Horses - Aus/NZ,,Fast,1600,Good (4),2026-04-08T06:50:00+00:00,10,8,1186451742,8,Bhullar,1,Steven Parnham,R C McPherson,Karnup,56.0,5,m,51.0,90.0,90.0,0.0,33.33,22752.0,12.0,0.0,4.0,0.0,10.0,0.0,2.0,0.0,0.0,0.0,0.0,0.0,4.0,0.0,3.0,0.0,3.0,0.0,2.0,0.0,x42620,x42620,Off Pace,6,0,3,4.666666666666667,2.0,6.666666666666667,4.8,0.0,0.6,3.0500000000000003,0.5,4.6000000000000005,5.666666666666667,0,1,6,17.0,7.0,13.0,12.0,9.0,12.0,FLUC2,2,P,finished,0,1,False,True,8,8,1.0,True,True,90.0,0.0,0.22603580562659845,0.0,4.0,12-20,middle,False,0.38692740549734006,1.0,0.1338108557812724,0.08333333333333333,0.1338108557812724,0.05047752244793906,5.047752244793906,-3.0,1.0,12.0,-1.0,-1.0
10343942,5,R5 Roger James/ Robert Wellwood (Nzb Mega Maiden Series) Mdn,671,Waverley,New Zealand,Horses - Aus/NZ,,Fast,2200,Soft (5),2026-04-10T02:33:00+00:00,11,4,1186860110,1,Malibu,1,K R Hercock,Joshua Shaw,Levin,58.5,4,g,62.0,91.0,91.0,0.0,26.32,20745.0,19.0,0.0,2.0,3.0,8.0,0.0,9.0,0.0,2.0,0.0,2.0,0.0,5.0,0.0,2.0,0.0,2.0,0.0,5.0,0.0,630345,630345,,6,0,2,5.166666666666667,3.0,4.0,5.0,0.0,0.4,4.266666666666667,0.9,2.733333333333333,11.433333333333335,5,1,2,16.0,13.0,8.5,9.0,8.5,9.0,FLUC2,1,W,finished,1,1,False,True,4,4,1.0,True,True,91.0,0.0,0.17432432432432432,0.0,4.0,9-12,staying,False,0.37633475658068494,2.0,0.2534781556746139,0.1111111111111111,0.2534781556746139,0.1423670445635028,14.23670445635028,-0.5,1.0,9.0,8.0,8.0
10343960,6,R6 Ladbrokes Hosted Pots Hcp (C1),265,Cairns,Australia,Horses - Aus/NZ,,Fast,1250,Soft (7),2026-04-09T06:04:00+00:00,10,8,1186861898,6,Essay Wine,3,Sean Cormack,F J Wieland,Cairns,55.5,4,m,21.0,90.0,90.0,33.33,66.67,15440.0,3.0,1.0,0.0,1.0,0.0,0.0,2.0,1.0,1.0,0.0,2.0,1.0,3.0,1.0,1.0,0.0,1.0,0.0,2.0,1.0,831,831,Off Midfield,6,1,2,5.166666666666667,1.0,4.0,5.4,0.2,0.4,4.433333333333334,0.2,1.0333333333333332,10.200000000000001,2,3,3,28.0,17.0,11.0,12.0,,12.0,FLUC2,8,L,finished,0,0,False,True,8,8,1.0,True,True,90.0,0.4444444444444444,0.25432432432432434,0.5,5.0,12-20,sprint,False,0.5343028499955467,1.0,0.14242637527189408,0.08333333333333333,0.14242637527189408,0.059093041938560756,5.909304193856076,,1.0,12.0,-1.0,-1.0
10350332,3,R3 Property Brokers Welcome Stakes,573,Riccarton,New Zealand,Horses - Aus/NZ,,Slow,1000,Good (3),2026-04-11T01:05:00+00:00,8,8,1187314752,4,I Am Belle,3,Yogesh Atchamah,Andrew Carston,Riccarton Park,55.0,2,f,30.0,77.0,77.0,50.0,50.0,40000.0,2.0,1.0,0.0,0.0,1.0,1.0,1.0,0.0,0.0,0.0,1.0,1.0,1.0,1.0,1.0,1.0,1.0,0.0,0.0,0.0,16x,16x,,2,1,1,3.5,1.0,3.5,3.5,0.5,0.5,5.949999999999999,0.2,5.949999999999999,7.15,2,0,1,112.0,12.0,11.0,12.0,,12.0,FLUC2,8,L,finished,0,0,False,True,8,8,1.0,True,True,77.0,1.0,0.41666666666666663,0.0,5.0,12-20,sprint,False,0.5986166638093605,2.0,0.1447388439418979,0.08333333333333333,0.1447388439418979,0.06140551060856457,6.140551060856457,,1.0,12.0,-1.0,-1.0
10350404,8,R8 Peter Toohill Memorial Plate (Bm70),355,Gatton,Australia,Horses - Aus/NZ,,Fast,1400,Good (4),2026-04-10T05:58:00+00:00,12,7,1187324706,8,Garinion Righ,6,Jess Emmerson,Billy Healey,Sunshine Coast,55.5,4,m,30.0,96.0,96.0,36.36,45.45,57925.0,11.0,4.0,1.0,0.0,2.0,1.0,7.0,3.0,2.0,0.0,2.0,1.0,0.0,0.0,2.0,0.0,2.0,1.0,0.0,0.0,111219,111219,Off Midfield,6,3,5,2.8333333333333335,1.0,4.333333333333333,3.2,0.4,0.8,2.6999999999999997,0.1,4.533333333333333,3.3499999999999996,0,0,1,10.0,11.0,11.0,12.0,,12.0,FLUC2,6,L,finished,0,0,False,True,7,7,1.0,True,True,96.0,0.3333333333333333,0.4672554347826087,0.0,6.0,12-20,middle,False,0.5469599609108098,2.0,0.15295775710895362,0.08333333333333333,0.15295775710895362,0.0696244237756203,6.96244237756203,,1.0,12.0,-1.0,-1.0
10350466,4,R4 Cup Carnival On Sale Now Hcp (64),317,Darwin,Australia,Horses - Aus/NZ,,Fast,1000,Good,2026-04-10T07:00:00+00:00,7,7,1187341660,5,Miss Black Diamond,3,Dakota-Lee Gillett,Tommy Logan,Darwin,59.0,6,m,93.0,100.0,100.0,12.0,60.0,109683.0,25.0,3.0,7.0,5.0,22.0,3.0,2.0,0.0,1.0,0.0,11.0,1.0,11.0,2.0,7.0,2.0,6.0,1.0,0.0,0.0,x216x1,x216x1,Leader,6,2,4,3.0,1.0,2.6666666666666665,3.2,0.4,0.6,2.65,0.8,3.0666666666666664,6.7,3,0,6,14.0,5.5,9.5,10.0,9.5,10.0,FLUC2,4,P,finished,0,0,False,True,7,7,1.0,True,True,100.0,0.13636363636363635,0.4184090909090909,0.0,7.0,9-12,sprint,False,0.5077645956392313,1.0,0.1511661669107439,0.1,0.1511661669107439,0.05116616691074388,5.116616691074388,-0.5,1.0,10.0,-1.0,-1.0
10350592,3,R3 Ascend Sales Trophies (Bm56),358,Geelong,Australia,Horses - Aus/NZ,,Fast,1715,Soft (5),2026-04-10T04:00:00+00:00,7,5,1187359620,6,High Torque,4,Liam Riordan,Dean Grass,Seymour,58.0,9,g,41.0,92.0,92.0,8.77,31.58,177335.0,57.0,5.0,7.0,6.0,43.0,4.0,12.0,1.0,0.0,0.0,3.0,0.0,3.0,1.0,9.0,0.0,8.0,0.0,0.0,0.0,603246,603246,Midfield,6,0,2,5.166666666666667,2.0,4.0,5.0,0.0,0.4,5.766666666666667,1.0,4.466666666666667,10.466666666666667,0,0,0,11.0,7.5,8.0,8.5,8.0,8.5,FLUC2,3,P,finished,0,1,False,True,5,5,1.0,True,True,92.0,0.13888888888888887,0.17432432432432432,0.0,4.0,6-9,middle,False,0.40794683917588087,2.0,0.19822109370487667,0.11764705882352941,0.19822109370487667,0.08057403488134726,8.057403488134726,-0.5,1.0,8.5,-1.0,-1.0
10350650,9,R9 Gmh Fire & Safety Australia Hcp,279,Caulfield,Australia,Horses - Aus/NZ,,Fast,1200,Soft (7),2026-04-11T06:50:00+00:00,12,7,1187368295,4,Prestige Forever,7,Jamie Mott,Julius Sandhu,Cranbourne,57.0,3,c,0.0,94.0,94.0,33.33,66.67,146500.0,3.0,1.0,1.0,0.0,2.0,0.0,1.0,1.0,0.0,0.0,1.0,1.0,0.0,0.0,1.0,0.0,1.0,1.0,3.0,1.0,218x,218x,Backmarker,3,1,2,3.6666666666666665,1.0,3.6666666666666665,3.6666666666666665,0.3333333333333333,0.6666666666666666,2.4,0.8,2.4,12.866666666666667,1,0,1,371.0,14.0,13.0,12.0,,12.0,FLUC2,7,L,finished,0,0,False,True,7,7,1.0,True,True,94.0,0.6666666666666666,0.3976190476190476,0.3333333333333333,5.0,12-20,sprint,False,0.6190690447617414,2.0,0.15640894330868985,0.08333333333333333,0.15640894330868985,0.07307560997535652,7.307560997535652,,1.0,12.0,-1.0,-1.0
10353870,3,R3 1Equine - For The Equine Athlete (Bm70),635,Toowoomba,Australia,Horses - Aus/NZ,,Normal,1100,Good (4),2026-04-11T08:31:00+00:00,9,7,1187782257,1,Pantelone,5,Chloe Lowe,Glenn Richardson,Westbrook,64.5,5,g,64.0,99.0,99.0,23.08,61.54,242625.0,26.0,6.0,6.0,4.0,19.0,4.0,6.0,2.0,0.0,0.0,7.0,1.0,1.0,0.0,6.0,1.0,6.0,2.0,1.0,0.0,45110x,45110x,Off Pace,6,3,3,3.8333333333333335,1.0,4.333333333333333,3.8,0.6,0.6,3.033333333333333,0.3,4.333333333333333,7.1,3,1,5,26.0,4.8,10.0,11.0,,11.0,FLUC2,6,L,finished,0,0,False,True,7,7,1.0,True,True,99.0,0.11779448621553884,0.4791594827586207,0.0,6.0,9-12,sprint,False,0.5183108955547892,2.0,0.15236612297272997,0.09090909090909091,0.15236612297272997,0.06145703206363906,6.1457032063639065,,1.0,11.0,-1.0,-1.0
10354111,5,R5 Inverleigh Hotel Cup (Bm66),624,Terang,Australia,Horses - Aus/NZ,,Fast,1600,Heavy (10),2026-04-12T05:18:00+00:00,10,6,1187795498,6,Takemetothemoon,7,Alana Kelly,Liam Howley,Kyneton,58.0,6,m,100.0,91.0,91.0,25.0,50.0,56640.0,12.0,3.0,1.0,2.0,7.0,2.0,3.0,0.0,1.0,1.0,3.0,0.0,0.0,0.0,3.0,0.0,3.0,1.0,1.0,0.0,6x2151,6x2151,Leader,6,2,4,2.8333333333333335,1.0,2.6666666666666665,2.2,0.4,0.8,1.95,0.4,2.733333333333333,10.75,1,0,0,17.0,15.0,10.0,11.0,,11.0,FLUC2,6,L,finished,0,0,False,True,6,6,1.0,True,True,91.0,0.3333333333333333,0.4800395256916996,0.0,6.0,9-12,middle,False,0.5336826778582717,1.0,0.17854591447116816,0.09090909090909091,0.17854591447116816,0.08763682356207725,8.763682356207724,,1.0,11.0,-1.0,-1.0
10362560,5,R5 Rockhampton Regional Council 2026 Mayors Cup,577,Rockhampton,Australia,Horses - Aus/NZ,,Fast,1200,Soft (6),2026-04-12T02:18:00+00:00,9,7,1188809871,7,Tizso Fab,6,Warwick Satherley,D W Gardiner,Bundaberg,54.0,6,g,84.0,96.0,96.0,20.0,37.14,131755.0,35.0,7.0,5.0,1.0,20.0,3.0,14.0,4.0,1.0,0.0,5.0,1.0,11.0,4.0,3.0,0.0,3.0,0.0,2.0,2.0,Q11214,Q11214,Leader,6,4,5,1.6666666666666667,1.0,2.3333333333333335,1.8,0.6,0.8,1.5333333333333334,0.0,2.1333333333333333,6.3999999999999995,4,6,4,19.0,9.0,13.0,12.0,,12.0,FLUC2,5,L,finished,0,0,False,True,7,7,1.0,True,True,96.0,0.28311688311688316,0.58125,1.0,6.0,12-20,sprint,False,0.6711150404327371,1.0,0.1650105877841503,0.08333333333333333,0.1650105877841503,0.08167725445081696,8.167725445081695,,1.0,12.0,-1.0,-1.0
10368202,6,R6 Sky Racing Hcp (C5),330,Doomben,Australia,Horses - Aus/NZ,,Slow,1640,Good (4),2026-04-15T04:53:00+00:00,9,6,1189648306,8,Retainer,4,Ben E Thompson,S W Kendrick,Sunshine Coast,55.0,4,m,27.0,93.0,93.0,22.22,44.44,95445.0,18.0,4.0,2.0,2.0,8.0,1.0,7.0,2.0,3.0,1.0,1.0,1.0,1.0,0.0,3.0,0.0,3.0,0.0,1.0,0.0,391311,391311,Off Midfield,6,3,5,3.0,1.0,1.6666666666666667,3.0,0.6,0.8,2.9166666666666665,1.0,2.1,4.266666666666667,1,0,1,17.0,11.0,9.5,10.0,10.0,10.0,FLUC2,1,W,finished,1,1,False,True,6,6,1.0,True,True,93.0,0.375,0.57375,0.0,5.0,9-12,middle,False,0.5775941410937767,1.0,0.18072410852447762,0.1,0.18072410852447762,0.08072410852447762,8.072410852447762,0.0,1.0,10.0,9.0,9.0
10372121,6,R6 The Jan Hay (Bm75),208,Ashburton,New Zealand,Horses - Aus/NZ,,Slow,1200,Good (4),2026-04-16T03:35:00+00:00,13,4,1190070998,9,Champagne Diblu,13,Billy Jacobson,Anna Furlong,Riccarton Park,56.0,3,g,37.0,92.0,92.0,33.33,33.33,37385.0,6.0,2.0,0.0,0.0,4.0,1.0,2.0,1.0,0.0,0.0,3.0,1.0,2.0,2.0,3.0,1.0,2.0,1.0,5.0,2.0,015x17,015x17,,6,2,2,6.166666666666667,1.0,4.333333333333333,5.6,0.4,0.4,5.633333333333333,1.0,4.266666666666667,17.433333333333334,4,2,4,12.0,12.0,9.5,9.0,8.5,9.0,FLUC2,1,W,finished,1,1,False,True,4,4,1.0,True,True,92.0,0.5277777777777778,0.32905523255813957,0.4,3.0,9-12,sprint,False,0.5718095846063851,1.0,0.28899225343244894,0.1111111111111111,0.28899225343244894,0.17788114232133784,17.788114232133783,-0.5,1.0,9.0,8.0,8.0
10372138,8,R8 Ember Signage Solutions (Bm75),622,Te Rapa,New Zealand,Horses - Aus/NZ,,Fast,1600,Heavy (9),2026-04-17T04:19:00+00:00,13,4,1190072866,8,Amira D'argento,13,Joe Nishizuka,Taui Johnson,Cambridge,56.5,4,m,62.0,84.0,84.0,11.11,33.33,40833.0,18.0,2.0,2.0,2.0,1.0,0.0,5.0,0.0,3.0,0.0,1.0,0.0,0.0,0.0,3.0,0.0,3.0,0.0,2.0,0.0,15x532,15x532,,6,1,3,5.0,1.0,3.3333333333333335,3.2,0.2,0.6,2.4166666666666665,0.5,2.0333333333333337,16.966666666666665,3,0,2,20.0,6.5,5.5,5.0,5.5,5.0,FLUC2,1,W,finished,1,1,False,True,4,4,1.0,True,True,84.0,0.0,0.31961538461538463,0.0,2.0,3-6,middle,False,0.3999686201848897,2.0,0.25229833209449093,0.2,0.25229833209449093,0.05229833209449092,5.229833209449092,0.5,1.0,5.0,4.0,4.0
10372179,7,R7 Mates In Construction Provincial (Bm68),696,Wyong,Australia,Horses - Aus/NZ,,Fast,1000,Good (4),2026-04-16T06:25:00+00:00,13,8,1190077346,2,Harry The Thief,8,Grant Buckley,Mitchell Beer & George Carpenter,Kembla Grange,58.5,3,g,12.0,84.0,84.0,100.0,100.0,45750.0,2.0,2.0,0.0,0.0,1.0,1.0,1.0,1.0,0.0,0.0,2.0,2.0,1.0,1.0,2.0,2.0,0.0,0.0,1.0,1.0,1x1,1x1,Backmarker,4,2,3,2.0,1.0,2.0,2.0,0.5,0.75,1.075,0.1,1.4000000000000001,5.35,2,1,2,17.0,7.5,10.0,9.5,9.5,9.5,FLUC2,3,P,finished,0,1,False,True,8,8,1.0,True,True,84.0,1.0,0.525,1.0,5.0,9-12,sprint,False,0.7567383444467503,1.0,0.1669073130610546,0.10526315789473684,0.1669073130610546,0.06164415516631777,6.164415516631777,0.0,1.0,9.5,-1.0,-1.0
10372182,4,R4 Totally Workwear Central Coast Super Mdn Hcp,696,Wyong,Australia,Horses - Aus/NZ,,Fast,1100,Good (4),2026-04-16T04:35:00+00:00,11,6,1190077443,7,Ho Aloha,7,Jason Collett,David Pfieffer,Warwick Farm,57.5,3,f,64.0,89.0,89.0,0.0,42.86,28375.0,7.0,0.0,2.0,1.0,4.0,0.0,2.0,0.0,1.0,0.0,1.0,0.0,1.0,0.0,3.0,0.0,1.0,0.0,0.0,0.0,3822x5,3822x5,Off Pace,6,1,4,3.5,1.0,2.6666666666666665,3.6,0.2,0.6,2.65,1.0,3.1333333333333333,4.7,5,1,4,19.0,16.0,11.0,10.0,,10.0,FLUC2,6,L,finished,0,0,False,True,6,6,1.0,True,True,89.0,0.0,0.33424242424242423,0.0,2.0,9-12,sprint,False,0.41674186836650406,2.0,0.17213264166013198,0.1,0.17213264166013198,0.07213264166013197,7.2132641660131975,,1.0,10.0,-1.0,-1.0
10376301,8,R8 Sportz Bar Remembering Nathan Caird 'Nate Mate' (Bm65),661,Wanganui,New Zealand,Horses - Aus/NZ,,Slow,1600,Heavy (10),2026-04-18T04:34:00+00:00,11,4,1190540597,10,Chelsea Rose,9,Leah Hemi,Ms L Latta,Awapuni,56.5,5,m,44.0,91.0,91.0,6.25,25.0,28505.0,16.0,1.0,2.0,1.0,7.0,0.0,6.0,1.0,2.0,0.0,4.0,0.0,6.0,0.0,3.0,0.0,2.0,0.0,0.0,0.0,432194,432194,,6,1,3,3.8333333333333335,1.0,4.666666666666667,3.8,0.2,0.6,3.8666666666666667,0.5,5.233333333333333,8.333333333333334,1,2,1,12.0,10.0,9.5,10.0,11.0,10.0,FLUC2,3,P,finished,0,1,False,True,4,4,1.0,True,True,91.0,0.0,0.31750507099391484,0.0,4.0,9-12,middle,False,0.4187206623919512,2.0,0.2522692067675676,0.1,0.2522692067675676,0.15226920676756758,15.226920676756759,1.0,1.0,10.0,-1.0,-1.0
10376399,7,R7 Book For Amateur Cup Saturday 23Rd May (Bm60),458,Mackay,Australia,Horses - Aus/NZ,,Fast,1200,Good (4),2026-04-17T06:34:00+00:00,11,7,1190553737,2,Better Be Ready,5,Aidan Holt,Jennifer Hatfield,Mackay,61.5,4,g,72.0,97.0,97.0,20.0,46.67,74970.0,15.0,3.0,3.0,1.0,8.0,2.0,5.0,1.0,1.0,0.0,5.0,0.0,5.0,2.0,3.0,1.0,2.0,0.0,0.0,0.0,1242x7,1242x7,Pace,6,1,4,3.0,1.0,4.333333333333333,3.2,0.2,0.6,4.316666666666666,0.2,6.866666666666667,12.0,1,4,5,15.0,7.5,9.5,10.0,11.0,10.0,FLUC2,4,P,finished,0,0,False,True,7,7,1.0,True,True,97.0,0.21666666666666667,0.325625,0.0,5.0,9-12,sprint,False,0.48548997442711006,1.0,0.15118582126280372,0.1,0.15118582126280372,0.051185821262803716,5.118582126280372,1.0,1.0,10.0,-1.0,-1.0
10376447,6,R6 Community Bank Beaconsfield District (Bm62),310,Cranbourne,Australia,Horses - Aus/NZ,,Fast,1000,Soft (6),2026-04-17T09:45:00+00:00,9,6,1190569857,5,Maya's Ace,6,Daniel Stackhouse,"Ben, Will & Jd Hayes",Flemington,59.5,3,f,0.0,87.0,87.0,33.33,33.33,34760.0,3.0,1.0,0.0,0.0,3.0,1.0,0.0,0.0,0.0,0.0,1.0,1.0,1.0,1.0,2.0,1.0,1.0,0.0,1.0,0.0,59x1,59x1,Backmarker,4,1,2,4.5,1.0,5.0,4.5,0.25,0.5,2.05,0.5,2.466666666666667,6.266666666666667,1,1,0,14.0,10.0,11.0,10.0,11.0,10.0,FLUC2,4,P,finished,0,0,False,True,6,6,1.0,True,True,87.0,0.6666666666666666,0.3022727272727273,0.0,4.0,9-12,sprint,False,0.5334842926089283,1.0,0.17949131693306666,0.1,0.17949131693306666,0.07949131693306666,7.949131693306666,1.0,1.0,10.0,-1.0,-1.0
10380548,3,R3 Raine & Horne Ayr (Bm60),401,Home Hill,Australia,Horses - Aus/NZ,,Slow,1460,Good (4),2026-04-18T05:22:00+00:00,8,6,1190996429,4,Silver City,3,Wanderson D'Avila,Megan Purvis,Townsville,59.5,7,g,30.0,88.0,88.0,17.65,29.41,115180.0,34.0,6.0,1.0,3.0,20.0,4.0,12.0,2.0,2.0,0.0,1.0,1.0,0.0,0.0,6.0,2.0,5.0,1.0,0.0,0.0,474791,474791,Off Midfield,6,1,1,5.333333333333333,1.0,5.666666666666667,5.6,0.2,0.2,3.016666666666666,0.2,2.8666666666666667,16.666666666666668,1,0,1,7.0,9.5,8.5,9.0,,9.0,FLUC2,6,L,finished,0,0,False,True,6,6,1.0,True,True,88.0,0.39999999999999997,0.18618421052631579,0.0,4.0,9-12,middle,False,0.44939272244128237,1.0,0.17171187523284334,0.1111111111111111,0.17171187523284334,0.06060076412173224,6.060076412173224,,1.0,9.0,-1.0,-1.0
10380634,3,"R3 Oh Deere, It’s Green Hcp (C1)",360,Geraldton,Australia,Horses - Aus/NZ,,Fast,1103,Good (4),2026-04-19T06:45:00+00:00,9,8,1191005906,2,Dazzling Bobby,3,Keshaw Dhurun,A W Hughes,Geraldton,58.5,3,g,99.0,87.0,87.0,25.0,25.0,12584.0,4.0,1.0,0.0,0.0,4.0,1.0,0.0,0.0,0.0,0.0,3.0,1.0,4.0,1.0,1.0,0.0,1.0,1.0,3.0,1.0,8100,8100,Leader,6,2,3,5.333333333333333,1.0,7.0,6.0,0.4,0.4,4.566666666666667,0.2,6.933333333333334,17.5,5,5,6,10.0,17.0,13.0,12.0,,12.0,FLUC2,8,L,finished,0,0,False,True,8,8,1.0,True,True,87.0,0.27777777777777773,0.3224342105263158,0.3333333333333333,7.0,12-20,sprint,False,0.4942358158561441,1.0,0.13528129232815034,0.08333333333333333,0.13528129232815034,0.05194795899481701,5.194795899481701,,1.0,12.0,-1.0,-1.0
10383870,5,R5 Busbiz.net.au (Bm62),604,Swan Hill,Australia,Horses - Aus/NZ,,Fast,2400,Good (3),2026-04-21T05:30:00+00:00,9,7,1191471979,2,Prince Pinot,1,Brad Rawiller,R G Symons,Bendigo,60.5,4,g,100.0,92.0,92.0,13.64,40.91,106210.0,22.0,3.0,3.0,3.0,14.0,2.0,6.0,1.0,2.0,0.0,3.0,0.0,1.0,0.0,3.0,1.0,3.0,1.0,1.0,1.0,390x11,390x11,Leader,6,2,3,5.0,1.0,4.666666666666667,5.2,0.4,0.6,4.666666666666667,0.3,3.766666666666667,7.666666666666667,1,1,3,21.0,8.5,9.5,10.0,9.0,10.0,FLUC2,1,W,finished,1,1,False,True,7,7,1.0,True,True,92.0,0.047619047619047616,0.3914705882352942,1.0,5.0,9-12,staying,False,0.5539341270881746,2.0,0.16125627292066919,0.1,0.16125627292066919,0.06125627292066918,6.125627292066918,-1.0,1.0,10.0,9.0,9.0
10401896,4,R4 Remembering Helen Ormsby Hcp (60),6704,Waipukurau,New Zealand,Horses - Aus/NZ,,Fast,2100,Heavy (9),2026-04-26T02:13:00+00:00,12,4,1193824944,8,Autumn Beauty,4,Lily Sutherland,C E Myers,Marton,58.0,5,g,53.0,96.0,96.0,7.69,38.46,37430.0,13.0,1.0,4.0,0.0,2.0,0.0,1.0,0.0,10.0,1.0,4.0,0.0,0.0,0.0,3.0,0.0,3.0,0.0,1.0,0.0,740x85,740x85,,6,0,1,6.166666666666667,2.0,8.0,7.0,0.0,0.0,9.983333333333333,2.8,10.233333333333334,10.766666666666666,5,0,5,9.0,8.0,7.5,8.0,7.5,8.0,FLUC2,2,P,finished,0,1,False,True,4,4,1.0,True,True,96.0,0.03333333333333333,0.037596899224806204,0.0,4.0,6-9,staying,False,0.36019359345450963,2.0,0.2491356823466714,0.125,0.2491356823466714,0.12413568234667141,12.41356823466714,-0.5,1.0,8.0,-1.0,-1.0
10401988,3,R3 Bunyip Equipment Mdn Plate,310,Cranbourne,Australia,Horses - Aus/NZ,,Fast,1200,Good (4),2026-04-24T08:15:00+00:00,11,6,1193835661,3,Dun Gracefully,6,Caitlin Hollowood,Ms C Martindale,Moe,58.0,4,m,91.0,92.0,92.0,0.0,50.0,8100.0,2.0,0.0,1.0,0.0,2.0,0.0,0.0,0.0,0.0,0.0,1.0,0.0,1.0,0.0,1.0,0.0,1.0,0.0,2.0,0.0,02,02,Leader,2,0,1,6.5,2.0,6.5,6.5,0.0,0.5,3.75,0.2,3.75,81.0,1,1,2,21.0,13.0,11.0,10.0,11.0,10.0,FLUC2,2,P,finished,0,1,False,True,6,6,1.0,True,True,92.0,0.0,0.18999999999999997,0.0,4.0,9-12,sprint,False,0.3839691410937768,2.0,0.17466861258789082,0.1,0.17466861258789082,0.07466861258789081,7.4668612587890815,1.0,1.0,10.0,-1.0,-1.0
10401997,5,R5 Cks Electrical & Air Conditioning (Bm66),199,Alice Springs,Australia,Horses - Aus/NZ,,Not Available,1100,Good,2026-04-25T06:09:00+00:00,7,7,1193836052,4,Standard Street,6,Lek Maloney,Ms K Petrick,Alice Springs,58.0,3,f,0.0,87.0,87.0,20.0,40.0,24360.0,5.0,1.0,1.0,0.0,5.0,1.0,0.0,0.0,0.0,0.0,1.0,0.0,5.0,1.0,2.0,0.0,2.0,0.0,3.0,0.0,441x27,441x27,Backmarker,5,1,2,3.6,1.0,3.3333333333333335,3.6,0.2,0.4,6.4799999999999995,0.1,6.266666666666667,10.9,4,0,5,21.0,5.0,11.0,12.0,13.0,12.0,FLUC2,4,P,finished,0,0,False,True,7,7,1.0,True,True,87.0,0.13333333333333333,0.26722408026755856,0.0,5.0,12-20,sprint,False,0.41545055455629476,2.0,0.14920713042540618,0.08333333333333333,0.14920713042540618,0.06587379709207285,6.587379709207284,1.0,1.0,12.0,-1.0,-1.0
10405313,6,R6 More Fm (Bm65),682,Wingatui,New Zealand,Horses - Aus/NZ,,Slow,1200,Heavy (9),2026-04-27T03:06:00+00:00,10,4,1194250336,3,Magnastar,2,Donovan Cooper,R C Dennis,Ascot Park,59.0,4,g,23.0,98.0,98.0,12.5,33.33,65430.0,24.0,3.0,2.0,3.0,5.0,0.0,8.0,0.0,9.0,2.0,9.0,2.0,3.0,0.0,3.0,1.0,2.0,0.0,5.0,2.0,4357x0,4357x0,,6,0,1,6.333333333333333,3.0,7.666666666666667,6.0,0.0,0.2,6.05,2.0,7.8,12.566666666666668,5,0,0,23.0,8.0,8.0,8.5,8.0,8.5,FLUC2,3,P,finished,0,1,False,True,4,4,1.0,True,True,98.0,0.14814814814814814,0.09776223776223776,0.4,3.0,6-9,sprint,False,0.44783006505910666,1.0,0.26044575064025993,0.11764705882352941,0.26044575064025993,0.14279869181673052,14.279869181673051,-0.5,1.0,8.5,-1.0,-1.0
10405314,3,R3 Kb Contractors Mdn,682,Wingatui,New Zealand,Horses - Aus/NZ,,Normal,1600,Heavy (9),2026-04-27T01:15:00+00:00,10,4,1194250370,1,Strobe Light,8,Brett Murray,Amber Hoffman,Waikouaiti,58.5,5,g,37.0,100.0,100.0,0.0,50.0,6070.0,4.0,0.0,1.0,1.0,0.0,0.0,2.0,0.0,2.0,0.0,2.0,0.0,1.0,0.0,1.0,0.0,1.0,0.0,4.0,0.0,6823,6823,,4,0,2,4.75,2.0,4.333333333333333,4.75,0.0,0.5,5.025,2.0,2.733333333333333,21.099999999999998,2,1,2,8.0,6.0,5.5,5.0,5.5,5.0,FLUC2,1,W,finished,1,1,False,True,4,4,1.0,True,True,100.0,0.0,0.20421195652173912,0.0,1.0,3-6,middle,False,0.42134759175679604,1.0,0.26284124312993123,0.2,0.26284124312993123,0.06284124312993122,6.284124312993122,0.5,1.0,5.0,4.0,4.0
10405315,9,R9 Good Luck The West Taieri Premiers (Bm65),682,Wingatui,New Zealand,Horses - Aus/NZ,,Slow,1600,Heavy (9),2026-04-27T04:50:00+00:00,12,4,1194250469,3,Marella Miss,8,Mereana Hudson,M E Forde,Riverton,57.0,4,m,67.0,99.0,99.0,10.53,31.58,46115.0,19.0,2.0,1.0,3.0,3.0,0.0,9.0,1.0,7.0,1.0,7.0,1.0,5.0,1.0,2.0,0.0,2.0,0.0,3.0,0.0,815835,815835,,6,1,2,5.0,1.0,5.333333333333333,4.4,0.2,0.4,5.633333333333333,0.2,5.7,15.033333333333333,3,2,1,21.0,11.0,11.0,12.0,13.0,12.0,FLUC2,4,P,finished,0,0,False,True,4,4,1.0,True,True,99.0,0.1619047619047619,0.24868421052631579,0.0,4.0,12-20,middle,False,0.45760287934820765,1.0,0.26390642923795415,0.08333333333333333,0.26390642923795415,0.18057309590462084,18.057309590462083,1.0,1.0,12.0,-1.0,-1.0
10405316,8,R8 Otago Engineering Hcp,682,Wingatui,New Zealand,Horses - Aus/NZ,,Normal,1500,Heavy (9),2026-04-27T04:15:00+00:00,8,4,1194250511,7,Hivari,3,Brett Murray,M E Cunneen,Riccarton Park,54.5,5,g,72.0,82.0,82.0,11.54,38.46,128435.0,26.0,3.0,5.0,2.0,8.0,1.0,8.0,1.0,3.0,0.0,0.0,0.0,1.0,0.0,3.0,1.0,3.0,0.0,19.0,1.0,032109,032109,,6,1,3,6.0,1.0,6.666666666666667,5.0,0.2,0.6,3.733333333333333,0.1,4.733333333333333,11.933333333333332,3,1,1,16.0,9.5,12.0,11.0,12.0,11.0,FLUC2,2,P,finished,0,1,False,True,4,4,1.0,True,True,82.0,0.0,0.30099378881987576,0.05263157894736842,3.0,9-12,middle,False,0.38706544802479476,2.0,0.24370418819890277,0.09090909090909091,0.24370418819890277,0.15279509728981186,15.279509728981186,1.0,1.0,11.0,-1.0,-1.0
10405323,3,R3 The Australian Light Horse Mdn Plate,515,Narromine,Australia,Horses - Aus/NZ,,Fast,1100,Good (4),2026-04-26T04:12:00+00:00,11,6,1194251429,6,Sibeila,1,Zoe Hunt,Ms M Harrison,Forbes,58.0,5,m,73.0,87.0,87.0,0.0,25.0,9600.0,4.0,0.0,1.0,0.0,1.0,0.0,3.0,0.0,0.0,0.0,0.0,0.0,0.0,0.0,1.0,0.0,1.0,0.0,0.0,0.0,6289x,6289x,Pace,6,1,2,5.166666666666667,1.0,4.0,5.8,0.2,0.2,6.066666666666666,0.5,7.966666666666666,,2,0,4,35.0,4.6,11.0,12.0,11.0,12.0,FLUC2,2,P,finished,0,1,False,True,6,6,1.0,True,True,87.0,0.0,0.19432432432432434,0.0,3.0,12-20,sprint,False,0.3669139611066578,2.0,0.16672108282802464,0.08333333333333333,0.16672108282802464,0.08338774949469131,8.338774949469132,-1.0,1.0,12.0,-1.0,-1.0
10405351,8,R8 Anzac Day Hcp (69),340,Ellerslie,New Zealand,Horses - Aus/NZ,,Slow,1200,Soft (5),2026-04-27T03:58:00+00:00,13,4,1194258981,2,Zivou,2,Warren Kennedy,R James & R Wellwood,Cambridge,59.0,3,c,43.0,99.0,99.0,33.33,50.0,155685.0,6.0,2.0,1.0,0.0,1.0,0.0,4.0,2.0,0.0,0.0,2.0,2.0,2.0,0.0,2.0,1.0,2.0,1.0,5.0,1.0,6x1160,6x1160,,6,2,3,4.333333333333333,1.0,5.666666666666667,4.8,0.4,0.4,3.516666666666666,0.1,4.733333333333333,32.699999999999996,3,2,4,51.0,6.0,6.5,6.0,6.5,6.0,FLUC2,2,P,finished,0,1,False,True,4,4,1.0,True,True,99.0,0.5,0.33062500000000006,0.2,2.0,6-9,sprint,False,0.5740665502314418,1.0,0.27830586019100867,0.16666666666666666,0.27830586019100867,0.11163919352434201,11.1639193524342,0.5,1.0,6.0,-1.0,-1.0
10427020,7,R7 Birchfield's Glass & Glazing (2023) Ltd (Bm75),573,Riccarton,New Zealand,Horses - Aus/NZ,,Slow,1800,Good (4),2026-05-02T02:51:00+00:00,13,4,1197066049,5,Villasanti,5,Jonathan Riddell,Jamie Bullard,Templeton,58.0,4,g,35.0,84.0,84.0,23.08,100.0,72150.0,13.0,3.0,6.0,4.0,4.0,0.0,3.0,2.0,1.0,1.0,0.0,0.0,5.0,2.0,2.0,0.0,1.0,0.0,0.0,0.0,321311,321311,,6,3,6,1.8333333333333333,1.0,1.6666666666666667,1.6,0.6,1.0,2.1666666666666665,0.3,0.6666666666666666,6.466666666666666,0,0,1,30.0,6.0,5.0,5.5,6.0,5.5,FLUC2,2,P,finished,0,1,False,True,4,4,1.0,True,True,84.0,0.13333333333333333,0.6491911764705883,0.0,1.0,3-6,middle,False,0.5245780491887543,1.0,0.27309569815107715,0.18181818181818182,0.27309569815107715,0.09127751633289533,9.127751633289533,0.5,1.0,5.5,-1.0,-1.0
10427073,4,R4 Ladbrokes Mega Multi (Bm62),458,Mackay,Australia,Horses - Aus/NZ,,Fast,1050,Good (4),2026-05-01T03:41:00+00:00,8,6,1197091338,2,Betta Than Presley,4,Aidan Holt,R B Williams,Emerald,61.0,4,g,0.0,83.0,83.0,18.18,90.91,60400.0,11.0,2.0,2.0,6.0,7.0,1.0,4.0,1.0,0.0,0.0,1.0,1.0,0.0,0.0,3.0,1.0,2.0,0.0,0.0,0.0,3331x1,3331x1,Backmarker,6,2,6,2.3333333333333335,1.0,1.6666666666666667,2.2,0.4,1.0,2.4166666666666665,0.5,0.9333333333333332,5.666666666666667,4,0,4,38.0,19.0,9.0,9.5,,9.5,FLUC2,6,L,finished,0,0,False,True,6,6,1.0,True,True,83.0,0.38095238095238093,0.56125,0.0,5.0,9-12,sprint,False,0.5403038206372265,2.0,0.17832682916483833,0.10526315789473684,0.17832682916483833,0.0730636712701015,7.30636712701015,,1.0,9.5,-1.0,-1.0
10427076,3,R3 Ladbrokes Big Bets Copy Now Hcp,458,Mackay,Australia,Horses - Aus/NZ,,Fast,1300,Good (4),2026-05-01T03:06:00+00:00,8,6,1197091392,3,Mayor Of Kingston,4,Violet Soulsby,Lachie Manzelmann,Mackay,56.5,3,g,61.0,90.0,90.0,12.5,37.5,21500.0,8.0,1.0,0.0,2.0,4.0,0.0,3.0,1.0,0.0,0.0,0.0,0.0,2.0,0.0,2.0,0.0,1.0,0.0,0.0,0.0,33146x,33146x,Off Pace,6,1,3,3.5,1.0,3.6666666666666665,3.4,0.2,0.6,3.15,0.8,2.566666666666667,5.7,2,2,3,124.0,11.0,10.0,9.5,,9.5,FLUC2,5,L,finished,0,0,False,True,6,6,1.0,True,True,90.0,0.0,0.3254761904761905,0.0,5.0,9-12,sprint,False,0.4178812015896075,2.0,0.1697660474879851,0.10526315789473684,0.1697660474879851,0.06450288959324826,6.450288959324826,,1.0,9.5,-1.0,-1.0
10427226,5,R5 Nibble Nobbys Nuts Hcp (C1),358,Geelong,Australia,Horses - Aus/NZ,,Fast,1343,Good (4),2026-05-01T04:40:00+00:00,7,6,1197105844,4,Power And The Beat,1,Ms L J Meech,Smiley Chan,Cranbourne,59.0,3,g,82.0,84.0,84.0,50.0,50.0,18600.0,2.0,1.0,0.0,0.0,1.0,1.0,1.0,0.0,0.0,0.0,1.0,1.0,0.0,0.0,1.0,1.0,1.0,0.0,2.0,1.0,10,10,Pace,2,1,1,5.5,1.0,5.5,5.5,0.5,0.5,4.25,0.8,4.25,17.0,2,0,1,16.0,9.0,12.0,11.0,12.0,11.0,FLUC2,1,W,finished,1,1,False,True,6,6,1.0,True,True,84.0,0.6666666666666666,0.3961538461538462,0.5,6.0,9-12,sprint,False,0.6006836406635824,1.0,0.18268034227172444,0.09090909090909091,0.18268034227172444,0.09177125136263353,9.177125136263353,1.0,1.0,11.0,10.0,10.0
10431123,7,R7 Pitcher Partners Newcastle & Hunter Provincial (Bm68),520,Newcastle,Australia,Horses - Aus/NZ,,Fast,1250,Good (4),2026-05-02T05:45:00+00:00,8,8,1197468434,4,Princess Cruizer,8,William A Stanley,P M Perry,Newcastle,56.5,5,m,31.0,84.0,84.0,13.89,41.67,185350.0,36.0,5.0,4.0,6.0,19.0,4.0,13.0,1.0,4.0,0.0,4.0,2.0,21.0,3.0,4.0,0.0,4.0,1.0,1.0,1.0,666331,666331,Off Midfield,6,1,3,4.166666666666667,1.0,2.3333333333333335,3.8,0.2,0.6,2.1,0.1,1.0,29.333333333333332,2,3,5,21.0,9.5,13.0,12.0,12.0,12.0,FLUC2,3,P,finished,0,1,False,True,8,8,1.0,True,True,84.0,0.28446115288220547,0.33403225806451614,1.0,3.0,12-20,sprint,False,0.5552185718051564,2.0,0.13830359151910998,0.08333333333333333,0.13830359151910998,0.05497025818577665,5.497025818577665,0.0,1.0,12.0,-1.0,-1.0
10431153,3,R3 Mackays Family Jewellers Hcp (62),328,Donald,Australia,Horses - Aus/NZ,,Fast,2200,Good (3),2026-05-02T03:36:00+00:00,9,7,1197474506,2,Mangione,6,Tom Madden,Nell Carter,Wombelano,59.5,10,g,100.0,100.0,100.0,11.93,41.28,483477.0,109.0,13.0,14.0,18.0,73.0,6.0,20.0,5.0,10.0,2.0,0.0,0.0,0.0,0.0,10.0,0.0,10.0,1.0,1.0,0.0,940331,940331,Leader,6,1,3,5.0,1.0,2.3333333333333335,4.2,0.2,0.6,3.6166666666666667,0.2,0.9666666666666667,7.166666666666667,3,0,4,13.0,11.0,13.0,11.0,11.0,11.0,FLUC2,2,P,finished,0,1,False,True,7,7,1.0,True,True,100.0,0.0273972602739726,0.33,0.0,5.0,9-12,staying,False,0.45898360553888967,2.0,0.15030550358724956,0.09090909090909091,0.15030550358724956,0.05939641267815865,5.939641267815865,0.0,1.0,11.0,-1.0,-1.0
10431158,7,R7 Silks Under The Stars 22 May (Bm65),28954,Gold Coast Poly,Australia,Horses - Aus/NZ,,Normal,1540,Good (3),2026-05-02T05:50:00+00:00,12,7,1197475051,9,Effie's Joy,1,Frederick Larson,D J Bougoure,Gold Coast,54.5,5,m,31.0,91.0,91.0,7.41,44.44,81375.0,27.0,2.0,2.0,8.0,16.0,1.0,8.0,0.0,1.0,0.0,2.0,1.0,2.0,1.0,3.0,0.0,3.0,0.0,0.0,0.0,511392,511392,Off Midfield,6,2,5,3.0,1.0,4.666666666666667,3.2,0.4,0.8,1.883333333333333,0.2,2.1666666666666665,7.433333333333334,2,2,3,22.0,11.0,12.0,11.0,12.0,11.0,FLUC2,4,P,finished,0,0,False,True,7,7,1.0,True,True,91.0,0.3541666666666667,0.46397058823529413,0.0,6.0,9-12,middle,False,0.5330286632880167,2.0,0.14939876599666724,0.09090909090909091,0.14939876599666724,0.058489675087576326,5.8489675087576325,1.0,1.0,11.0,-1.0,-1.0
10431221,8,R8 Ladbrokes Odds Surge (Bm66),584,Sale,Australia,Horses - Aus/NZ,,Fast,1000,Good (3),2026-05-03T06:26:00+00:00,14,5,1197479030,6,Normandy Lass,5,Patrick Moloney,R D Griffiths,Cranbourne,59.0,4,m,94.0,97.0,97.0,30.0,70.0,88140.0,10.0,3.0,2.0,2.0,3.0,0.0,5.0,3.0,0.0,0.0,7.0,1.0,0.0,0.0,3.0,1.0,3.0,0.0,7.0,3.0,11x339,11x339,Leader,6,2,5,3.1666666666666665,1.0,5.0,3.4,0.4,0.8,2.3666666666666667,0.2,3.2999999999999994,10.033333333333333,5,0,3,18.0,17.0,7.0,7.5,7.5,7.5,FLUC2,2,P,finished,0,1,False,True,5,5,1.0,True,True,97.0,0.047619047619047616,0.4610000000000001,0.42857142857142855,3.0,6-9,sprint,False,0.5368550480435617,2.0,0.21637922398731907,0.13333333333333333,0.21637922398731907,0.08304589065398574,8.304589065398574,0.0,1.0,7.5,-1.0,-1.0
10445357,5,R5 Ladbrokes Stradbroke Calcutta Book Now Hcp,335,Eagle Farm,Australia,Horses - Aus/NZ,UNKNOWN_GROUP,Slow,1800,Soft (5),2026-05-06T04:13:00+00:00,9,7,1199324199,4,Inquicktime,3,Taylor Marshall,R L Heathcote,Eagle Farm,58.0,3,g,29.0,78.0,78.0,18.18,18.18,59800.0,11.0,2.0,0.0,0.0,3.0,0.0,8.0,2.0,0.0,0.0,0.0,0.0,1.0,0.0,3.0,0.0,2.0,0.0,2.0,2.0,040611,040611,Off Midfield,6,2,2,4.666666666666667,1.0,2.6666666666666665,4.8,0.4,0.4,6.6000000000000005,0.8,2.966666666666667,31.0,1,1,4,13.0,8.5,10.0,11.0,,11.0,FLUC2,7,L,finished,0,0,False,True,7,7,1.0,True,True,78.0,0.08333333333333333,0.34737967914438506,1.0,6.0,9-12,middle,False,0.49838472389407734,2.0,0.15027222983248745,0.09090909090909091,0.15027222983248745,0.059363138923396536,5.936313892339654,,1.0,11.0,-1.0,-1.0
10448621,3,R3 A Big Thank You To All Of Our Bronze Tier Sponsors Mdn,576,Riverton,New Zealand,Horses - Aus/NZ,UNKNOWN_GROUP,Fast,1200,Heavy (10),2026-05-08T01:20:00+00:00,14,4,1199712758,1,Taihoro,11,Akshay Balloo,R C Dennis,Ascot Park,58.5,4,g,60.0,88.0,88.0,0.0,33.33,8145.0,6.0,0.0,2.0,0.0,1.0,0.0,2.0,0.0,3.0,0.0,2.0,0.0,1.0,0.0,3.0,0.0,2.0,0.0,0.0,0.0,20x295,20x295,,6,0,2,5.5,2.0,5.333333333333333,5.6,0.0,0.4,5.283333333333334,0.2,2.766666666666667,4.966666666666667,3,1,3,11.0,7.5,5.5,6.0,5.5,6.0,FLUC2,4,P,finished,0,0,False,True,4,4,1.0,True,True,88.0,0.0,0.16676113360323885,0.0,3.0,6-9,sprint,False,0.3664073903124135,2.0,0.25518824967214226,0.16666666666666666,0.25518824967214226,0.08852158300547561,8.852158300547561,-0.5,1.0,6.0,-1.0,-1.0
10448622,5,R5 Barnes Oysters / Horace Mcculough (Bm65),576,Riverton,New Zealand,Horses - Aus/NZ,UNKNOWN_GROUP,Slow,1200,Heavy (10),2026-05-08T03:15:00+00:00,9,4,1199712804,3,Sympathique,8,Donovan Cooper,Len & Lacy Stewart,Timaru,58.0,9,m,64.0,89.0,89.0,10.0,24.44,147518.0,90.0,9.0,4.0,9.0,22.0,1.0,47.0,6.0,21.0,2.0,33.0,3.0,9.0,1.0,4.0,0.0,3.0,0.0,3.0,0.0,224335,224335,,6,0,4,3.1666666666666665,2.0,3.6666666666666665,3.4,0.0,0.6,1.7166666666666668,0.3,1.9666666666666668,11.266666666666667,3,4,1,32.0,7.0,8.5,8.0,8.5,8.0,FLUC2,4,P,finished,0,0,False,True,4,4,1.0,True,True,89.0,0.09908609908609907,0.24814285714285714,0.0,3.0,6-9,sprint,False,0.41200793398047814,2.0,0.244987300516599,0.125,0.244987300516599,0.119987300516599,11.998730051659901,0.5,1.0,8.0,-1.0,-1.0
10448623,4,R4 Riverton Rural Transport / Riverton Butchery Hcp,576,Riverton,New Zealand,Horses - Aus/NZ,UNKNOWN_GROUP,Normal,1200,Heavy (10),2026-05-08T01:55:00+00:00,7,4,1199712874,4,Rochello,2,Brett Murray,Ms S Mckay,Ascot Park,57.0,6,m,20.0,98.0,98.0,18.18,36.36,106240.0,33.0,6.0,3.0,3.0,6.0,1.0,16.0,2.0,11.0,3.0,28.0,5.0,7.0,3.0,3.0,1.0,3.0,0.0,8.0,2.0,391212,391212,,6,2,5,3.0,1.0,1.6666666666666667,3.0,0.4,0.8,1.0,0.1,0.3666666666666667,7.066666666666666,5,3,2,19.0,6.5,7.5,8.0,7.5,8.0,FLUC2,3,P,finished,0,1,False,True,4,4,1.0,True,True,98.0,0.29329004329004327,0.49374999999999997,0.25,4.0,6-9,sprint,False,0.5810308656784098,1.0,0.26778012790440836,0.125,0.26778012790440836,0.14278012790440836,14.278012790440837,-0.5,1.0,8.0,-1.0,-1.0
10454206,5,R5 Van Dyks (Bm75),581,Rotorua,New Zealand,Horses - Aus/NZ,UNKNOWN_GROUP,Normal,1560,Heavy (9),2026-05-09T02:05:00+00:00,14,4,1200191126,7,Amira D'Argento,6,Joe Nishizuka,Taui Johnson,Cambridge,58.0,4,m,62.0,92.0,92.0,15.79,36.84,60958.0,19.0,3.0,2.0,2.0,1.0,0.0,5.0,0.0,4.0,1.0,9.0,3.0,0.0,0.0,3.0,0.0,3.0,0.0,3.0,1.0,5x5321,5x5321,,6,2,4,2.8333333333333335,1.0,2.0,3.2,0.2,0.6,2.0,0.5,1.3333333333333333,13.266666666666666,3,0,3,22.0,4.8,5.0,5.5,5.0,5.5,FLUC2,3,P,finished,0,1,False,True,4,4,1.0,True,True,92.0,0.19444444444444442,0.3491304347826087,0.3333333333333333,2.0,3-6,middle,False,0.508115382237916,1.0,0.25815686625634954,0.18181818181818182,0.25815686625634954,0.07633868443816771,7.633868443816771,-0.5,1.0,5.5,-1.0,-1.0
10454217,9,R9 Catalyst - Performance Agronomy (Bm75),671,Waverley,New Zealand,Horses - Aus/NZ,UNKNOWN_GROUP,Slow,1650,Soft (5),2026-05-09T03:43:00+00:00,11,8,1200192216,8,Say I Do,4,Mereana Hudson,F P Campbell,Hastings,55.5,5,m,17.0,95.0,95.0,10.71,25.0,71550.0,28.0,3.0,3.0,1.0,10.0,2.0,10.0,0.0,4.0,1.0,0.0,0.0,0.0,0.0,5.0,0.0,5.0,1.0,5.0,2.0,242116,242116,,6,2,4,2.6666666666666665,1.0,2.6666666666666665,2.8,0.4,0.6,3.9166666666666665,0.2,6.466666666666668,8.166666666666666,6,0,3,13.0,13.0,11.0,12.0,,12.0,FLUC2,8,L,finished,0,0,False,True,8,8,1.0,True,True,95.0,0.0,0.4218181818181818,0.4,8.0,12-20,middle,False,0.5031621183548151,1.0,0.13364634426108712,0.08333333333333333,0.13364634426108712,0.050313010927753796,5.031301092775379,,1.0,12.0,-1.0,-1.0
10454247,1,R1 Wanganui Insurance Brokers Rst Hrdl,661,Wanganui,New Zealand,Horses - Aus/NZ,UNKNOWN_GROUP,Slow,3000,Soft (7),2026-05-09T23:53:00+00:00,12,4,1200196154,4,So Call Me,7,Kylan Wiles,K T Myers,Wanganui,66.5,8,g,49.0,87.0,87.0,13.64,34.09,124992.0,44.0,6.0,5.0,4.0,4.0,0.0,9.0,1.0,31.0,5.0,1.0,0.0,7.0,0.0,6.0,1.0,5.0,0.0,1.0,1.0,2790x3,2790x3,,6,0,2,6.166666666666667,2.0,7.333333333333333,6.2,0.0,0.4,5.916666666666667,0.8,9.466666666666667,13.1,1,0,2,15.0,6.0,4.8,5.0,4.8,5.0,FLUC2,3,P,finished,0,1,False,True,4,4,1.0,True,True,87.0,0.037037037037037035,0.15893023255813954,1.0,2.0,3-6,staying,False,0.46967048197512357,2.0,0.2505757685434562,0.2,0.2505757685434562,0.05057576854345619,5.057576854345619,-0.20000000000000018,1.0,5.0,-1.0,-1.0
10454653,2,R2 City Of Belmont - Rogan Josh Stakes (Bm84+),207,Ascot,Australia,Horses - Aus/NZ,UNKNOWN_GROUP,Fast,2100,Good (4),2026-05-09T04:14:00+00:00,6,6,1200266882,1,Royal Law,1,Natasha Faithfull,A W Maley,Gingin,60.0,5,g,100.0,86.0,86.0,16.13,45.16,319790.0,31.0,5.0,7.0,2.0,23.0,4.0,7.0,0.0,1.0,1.0,8.0,1.0,10.0,1.0,5.0,1.0,5.0,0.0,2.0,1.0,x42931,x42931,Leader,6,1,3,4.166666666666667,1.0,4.333333333333333,3.8,0.2,0.6,3.0500000000000003,0.1,4.5,9.166666666666666,3,3,5,20.0,7.0,8.5,8.0,8.5,8.0,FLUC2,3,P,finished,0,1,False,True,6,6,1.0,True,True,86.0,0.13297101449275361,0.31715725806451617,0.5,3.0,6-9,staying,False,0.47898923733830673,2.0,0.1750228242275108,0.125,0.1750228242275108,0.05002282422751081,5.002282422751081,0.5,1.0,8.0,-1.0,-1.0
10454654,3,R3 Mc Polytrack (Bm72+),207,Ascot,Australia,Horses - Aus/NZ,UNKNOWN_GROUP,Fast,1000,Good (4),2026-05-09T04:49:00+00:00,6,6,1200266904,1,Tycoon Harry,6,Zephen Johnston-Porter,J P Taylor,Bullsbrook,61.5,5,g,79.0,97.0,97.0,33.33,62.96,364550.0,27.0,9.0,3.0,5.0,22.0,9.0,4.0,0.0,1.0,0.0,22.0,9.0,14.0,4.0,5.0,0.0,5.0,1.0,1.0,0.0,261211,261211,Pace,6,3,5,2.1666666666666665,1.0,1.3333333333333333,2.2,0.6,0.8,1.2,0.2,0.3666666666666667,3.533333333333333,6,5,6,28.0,12.0,9.5,10.0,,10.0,FLUC2,6,L,finished,0,0,False,True,6,6,1.0,True,True,97.0,0.367965367965368,0.5916541353383459,0.0,5.0,9-12,sprint,False,0.595558455288354,2.0,0.1752317617688828,0.1,0.1752317617688828,0.0752317617688828,7.523176176888279,,1.0,10.0,-1.0,-1.0
10457813,3,R3 Central West Engineering (Bm82),502,Mudgee,Australia,Horses - Aus/NZ,UNKNOWN_GROUP,Fast,1400,Good (4),2026-05-10T04:30:00+00:00,8,6,1200643193,5,Toulon Factor,3,Jake Pracey-Holmes,Ms J Clement,Mendooran,55.0,9,g,100.0,95.0,95.0,15.29,40.0,254665.0,85.0,13.0,13.0,8.0,48.0,6.0,32.0,5.0,4.0,2.0,21.0,3.0,5.0,1.0,7.0,1.0,7.0,1.0,2.0,0.0,317131,317131,Leader,6,3,5,2.6666666666666665,1.0,1.6666666666666667,2.6,0.6,0.8,2.566666666666667,1.0,3.266666666666667,3.6,2,1,4,15.0,8.0,9.5,10.0,,10.0,FLUC2,6,L,finished,0,0,False,True,6,6,1.0,True,True,95.0,0.15595238095238095,0.5771590909090909,0.0,6.0,9-12,middle,False,0.5418073445569802,1.0,0.18436447513287876,0.1,0.18436447513287876,0.08436447513287876,8.436447513287876,,1.0,10.0,-1.0,-1.0
10457919,5,R5 Golden Kiki Provincial (Bm68),423,Kembla Grange,Australia,Horses - Aus/NZ,UNKNOWN_GROUP,Fast,1400,Good (4),2026-05-09T05:05:00+00:00,8,6,1200653012,1,Sonofdec,6,Matt Kirk,Jay Hopkins,Newcastle,65.0,5,g,0.0,98.0,98.0,25.0,50.0,468775.0,24.0,6.0,3.0,3.0,7.0,1.0,11.0,4.0,6.0,1.0,1.0,1.0,1.0,1.0,5.0,0.0,4.0,2.0,0.0,0.0,2210x3,2210x3,Backmarker,6,2,4,3.8333333333333335,1.0,3.0,4.2,0.4,0.6,2.283333333333333,0.5,2.3,18.0,2,0,4,17.0,6.0,10.0,11.0,,11.0,FLUC2,6,L,finished,0,0,False,True,6,6,1.0,True,True,98.0,0.7142857142857143,0.4085344827586207,0.0,5.0,9-12,middle,False,0.6129216411688242,1.0,0.1788375325814345,0.09090909090909091,0.1788375325814345,0.0879284416723436,8.79284416723436,,1.0,11.0,-1.0,-1.0
10457932,2,R2 Thank You Garrod Family Hcp (50),251,Bowen,Australia,Horses - Aus/NZ,UNKNOWN_GROUP,Fast,1200,Good (4),2026-05-10T04:35:00+00:00,7,5,1200654872,3,Princess Shanghai,4,Wanderson D'Avila,Wanderson D'Avila,Townsville,61.0,5,m,0.0,90.0,90.0,7.14,14.29,21665.0,14.0,1.0,0.0,1.0,7.0,1.0,3.0,0.0,3.0,0.0,2.0,1.0,0.0,0.0,3.0,0.0,3.0,0.0,3.0,1.0,x46618,x46618,Backmarker,6,1,1,5.166666666666667,1.0,5.0,5.0,0.2,0.2,7.016666666666667,1.0,6.7,14.266666666666666,4,0,2,10.0,12.0,8.0,7.5,7.0,7.5,FLUC2,4,P,finished,0,0,False,True,5,5,1.0,True,True,90.0,0.21428571428571427,0.18932432432432433,0.3333333333333333,4.0,6-9,sprint,False,0.45466186915038276,1.0,0.21790857686343396,0.13333333333333333,0.21790857686343396,0.08457524353010062,8.457524353010063,-0.5,1.0,7.5,-1.0,-1.0
10457934,4,R4 Queen Of Clothing Plate (C3),251,Bowen,Australia,Horses - Aus/NZ,UNKNOWN_GROUP,Fast,1000,Good (4),2026-05-10T05:55:00+00:00,8,5,1200654941,3,Madam Borodina,1,Ivo Fry,T Button,Bowen,59.0,5,m,83.0,87.0,87.0,21.43,42.86,43225.0,14.0,3.0,2.0,1.0,8.0,2.0,6.0,1.0,0.0,0.0,8.0,2.0,4.0,1.0,4.0,1.0,3.0,0.0,3.0,1.0,1553x7,1553x7,Pace,6,2,3,3.6666666666666665,1.0,5.0,4.2,0.2,0.4,4.083333333333333,0.8,4.8999999999999995,3.466666666666667,4,3,5,29.0,10.0,6.5,7.0,6.5,7.0,FLUC2,4,P,finished,0,0,False,True,5,5,1.0,True,True,87.0,0.25,0.2571428571428572,0.3333333333333333,3.0,6-9,sprint,False,0.47213741601560905,2.0,0.21467077581131297,0.14285714285714285,0.21467077581131297,0.07181363295417012,7.181363295417012,-0.5,1.0,7.0,-1.0,-1.0
10476076,7,R7 Grand National Tickets On Sale (Bm75),28198,Riccarton Park Synthetic,New Zealand,Horses - Aus/NZ,UNKNOWN_GROUP,Fast,2200,Good (3),2026-05-14T03:10:00+00:00,13,4,1202864679,4,Incredible,13,Joe Doyle,Anna Furlong,Riccarton Park,57.0,5,g,58.0,95.0,95.0,15.79,47.37,57835.0,19.0,3.0,4.0,2.0,7.0,2.0,10.0,0.0,2.0,1.0,3.0,1.0,0.0,0.0,4.0,0.0,3.0,0.0,0.0,0.0,523216,523216,,6,1,4,3.1666666666666665,1.0,3.0,2.8,0.2,0.8,0.9,0.1,0.7999999999999999,5.333333333333333,3,0,3,12.0,4.5,4.8,4.6,4.8,4.6,FLUC2,2,P,finished,0,1,False,True,4,4,1.0,True,True,95.0,0.20634920634920637,0.39349999999999996,0.0,1.0,3-6,staying,False,0.502793387584289,1.0,0.27274138872970505,0.2173913043478261,0.27274138872970505,0.05535008438187894,5.535008438187894,0.20000000000000018,1.0,4.6,-1.0,-1.0
10484151,4,R4 Rcc & Barooga Hotel Autism Awareness Hcp (56),687,Wodonga,Australia,Horses - Aus/NZ,UNKNOWN_GROUP,Fast,2050,Good (4),2026-05-16T04:31:00+00:00,7,7,1203736530,5,Testing The Cugat,5,Mikaela Lawrence,Tyson Barton,Kilmore,54.5,7,g,100.0,98.0,98.0,4.55,27.27,88135.0,44.0,2.0,4.0,6.0,36.0,2.0,6.0,0.0,2.0,0.0,5.0,0.0,5.0,0.0,6.0,0.0,5.0,0.0,0.0,0.0,463379,463379,Leader,6,0,2,5.333333333333333,3.0,6.333333333333333,5.6,0.0,0.4,5.3,1.7,6.966666666666666,8.133333333333333,3,0,4,12.0,12.0,10.0,11.0,,11.0,FLUC2,6,L,finished,0,0,False,True,7,7,1.0,True,True,98.0,0.018518518518518517,0.16413875598086122,0.0,6.0,9-12,staying,False,0.40044948398205726,2.0,0.14591356930824875,0.09090909090909091,0.14591356930824875,0.05500447839915784,5.500447839915784,,1.0,11.0,-1.0,-1.0
10484162,2,R2 Conveyor Partners (Bm60),342,Emerald,Australia,Horses - Aus/NZ,UNKNOWN_GROUP,Not Available,1280,Good (4),2026-05-16T04:17:00+00:00,6,4,1203737702,2,All Business,1,Tom Orr,Alan Joseph Jones,Rockhampton,62.0,7,g,59.0,95.0,95.0,16.0,38.0,99739.0,50.0,8.0,5.0,6.0,26.0,7.0,19.0,1.0,1.0,0.0,7.0,1.0,3.0,0.0,6.0,0.0,4.0,2.0,1.0,0.0,4611x0,4611x0,Off Pace,6,2,2,4.666666666666667,1.0,5.666666666666667,4.8,0.4,0.4,4.3500000000000005,0.4,5.166666666666667,76.5,1,0,3,22.0,7.0,5.5,6.0,5.5,6.0,FLUC2,3,P,finished,0,1,False,True,4,4,1.0,True,True,95.0,0.13736263736263735,0.3289705882352942,0.0,4.0,6-9,sprint,False,0.46704275417455754,1.0,0.258651881579719,0.16666666666666666,0.258651881579719,0.09198521491305237,9.198521491305236,-0.5,1.0,6.0,-1.0,-1.0
10484354,4,R4 Ecycle Two Rivers Stpl,278,Casterton,Australia,Horses - Aus/NZ,UNKNOWN_GROUP,Fast,3800,Soft (6),2026-05-17T04:35:00+00:00,7,4,1203751587,3,Fabalot,5,Tom Ryan,Shane Jackson,Warrnambool,71.5,9,g,100.0,89.0,89.0,20.45,47.73,415565.0,44.0,9.0,8.0,4.0,10.0,3.0,20.0,4.0,14.0,2.0,1.0,0.0,3.0,1.0,7.0,1.0,7.0,0.0,3.0,1.0,10x224,10x224,Leader,6,1,5,2.3333333333333335,1.0,3.0,2.4,0.2,0.8,10.233333333333333,0.1,17.766666666666666,6.85,0,0,4,11.0,4.2,5.5,5.0,5.5,5.0,FLUC2,3,P,finished,0,1,False,True,4,4,1.0,True,True,89.0,0.17777777777777778,0.40249999999999997,0.3333333333333333,2.0,3-6,staying,False,0.5112228936891632,2.0,0.25910520206287174,0.2,0.25910520206287174,0.05910520206287173,5.910520206287173,0.5,1.0,5.0,-1.0,-1.0
10484452,2,R2 Cornetts Supermarket Mdn Plate,28954,Gold Coast Poly,Australia,Horses - Aus/NZ,UNKNOWN_GROUP,Slow,1540,Good (3),2026-05-16T02:39:00+00:00,9,7,1203760655,1,He Is The Kiss,3,Karl Zechner,Allan Chau,Gold Coast,58.5,6,g,27.0,96.0,96.0,0.0,47.92,111510.0,48.0,0.0,12.0,11.0,14.0,0.0,22.0,0.0,7.0,0.0,3.0,0.0,4.0,0.0,3.0,0.0,3.0,0.0,8.0,0.0,235222,235222,Off Midfield,6,0,5,2.6666666666666665,2.0,2.0,2.8,0.0,0.8,2.75,0.2,2.0,4.966666666666667,1,0,1,8.0,6.0,9.0,10.0,9.5,10.0,FLUC2,1,W,finished,1,1,False,True,7,7,1.0,True,True,96.0,0.0,0.3309090909090909,0.0,5.0,9-12,middle,False,0.44024186836650403,1.0,0.15138714819106813,0.1,0.15138714819106813,0.05138714819106813,5.138714819106813,-0.5,1.0,10.0,9.0,9.0
